,id,dev response date,dev response,review date,review title,review,rating,isEdited,userName
0,35171306.0,2023-03-02T19:50:01Z,"We're sorry that you're having issues with your service and we would like to help. Please contact us on Facebook (facebook.com/spectrum), Twitter (https://twitter.com/Ask_Spectrum) or visit our customer Community (https://community.spectrum.net) so we can help provide you with a solution.
",2023-03-01 16:55:19,Spectrum Cellular,"I‚Äôve had spectrum/time Warner Wi-Fi for over decade. It‚Äôs been okay. I‚Äôve only had their cellular phone service for almost one year.  I‚Äôm a stay at home wife and it mostly works fine at home off my Wi-Fi in the house But it barely works when I‚Äôm out and about.  Sometimes it works, sometimes it doesn‚Äôt. I can‚Äôt count on it. If I‚Äôm out doing errands and I need to use the search or pull up an email it sometimes will and sometimes won‚Äôt. The map and the weather usually always work off my data but apps, email, websites, it‚Äôs very inconvenient. I had the same problem with my last provider that‚Äôs why I switched. Before that I had Verizon and they for sure were the best but way too expensive. Before that back, in the day I used Cricket and they were actually really good. The only reason I left them was because I started traveling and they didn‚Äôt have as many towers back then, that‚Äôs why I went to Verizon but nowadays all cell providers have plenty of towers. Yes it was a thing. Only the big companies like Verizon ATT Sprint, not sure if they‚Äôre still around, they were the big companies that had the best cellular coverage and the most towers. 
Anyway, I don‚Äôt know why it doesn‚Äôt work good outside my home Wi-Fi range.  It‚Äôs caused me a few issues now because I needed it to work when I was away from home and it didn‚Äôt and yes I made sure that cellular was turning on.",3,False,BRANDON. LOVE
1,,,,2023-03-03 00:26:01,Spectrum app and service is a scam,"First of all, if you‚Äôre forced to get Spectrum as your wifi, I‚Äôm sorry. I was 18 when I first moved to my apartment for college and had to set up Spectrum WiFi. They gave us a router that was 4 generations outdated. It caused our WiFi to go in and out for 2 years. We were able to connect any devices other than laptops and phones to it, which doesn‚Äôt seem bad but we had multiple gaming devices that wouldn‚Äôt connect either. After two years, the old router finally went out and wouldn‚Äôt come back online. After MULTIPLE hours of talking to spectrum about fixing it on our end, they finally said we could bring it in to a store and replace our router for a new one. At 10pm after 24 hours without WiFi (mind you there are 4 college students living here who have work, class, and hw online) we replaced our router for a new one that was multiple generations ahead of what they had given us. We were so angry that they put us through it. We never complain about customer service, but this is the worst experience we‚Äôve ever had. Scammers all around. Not only that, but during storms they will send storm warnings and give you links to check your area, but the links are never accurate and will never take you where you want to go. F spectrum all around.",1,False,samross19
2,34672035.0,2023-02-04T11:32:58Z,"We're sorry that you're having issues with your service and we would like to help. Please contact us on Facebook (facebook.com/spectrum), Twitter (https://twitter.com/Ask_Spectrum) or visit our customer Community (https://community.spectrum.net) so we can help provide you with a solution. ^RJR",2023-02-03 03:35:09,WORST COMPANY EVER!!!,"I‚Äôve spent 26 hours trying to install all of this new stuff that keeps arriving to ‚Äúupgrade our equipment‚Äù and nothing works. The history I could write would take another 26 hours but since I‚Äôm NOT being paid (or even credited) for
doing THEIR technician job, I‚Äôll spare you.  Before you get suckered in, check out Alta Fiber or other competitors locally. They were a massive improvement over Time Warner when they purchased it and now, it‚Äôs the worst service I‚Äôve ever received and ironically, the most expensive - and - it‚Äôs mostly supposed to be entertainment. It costs MORE than my Gas and Electric bill which btw, RARELY goes out and they never ask me, the customer, to self-install unsolicited new upgraded equipment (that ultimately doesn‚Äôt work!) SIMPLIFY before continuing to get deeper involved with Spectrum. I think it will be easier to sell this house, but a new one and move starting over with wireless infrastructure for TV and internet than to continue to build on this 23 year old system that enters the home from a single coax cable and then becomes some split octopus of abandoned wiring in my basement. Absolutely the worst company I‚Äôve with which I‚Äôve ever attempted to work. Richard W",1,False,jwhall640
3,,,,2023-01-08 06:20:22,Specters really a poor company,"Spectrum is really a poor quality service that don‚Äôt tell their customers or keep the customers update then they take their customers free rights away on what kind of router can be installed and who has control which in all aspects those says it should be left me to Port forward nodded some app. There is no security issue with it. They just want to keep a eye on you and that‚Äôs how they do because they let anybody know I can get into any IP address regarding the Internet when I was speaking to a representative on the phone they said every network I had on my line that‚Äôs kind of crazy and I shouldn‚Äôt be asked for why I need a port set up. Questions should be asked that app does not always give me guaranteed to hit port select because it‚Äôs grayed out. 
And for me to pay $25 a month can‚Äôt have my local channels for this spectrum TV app that‚Äôs kind of crazy for the essential plan don‚Äôt you get it spectrum cable is outdated so 90s everybody streams now",1,False,roy william g
4,,,,2023-01-05 04:38:41,Worse customer service,"First off I was on the phone line with a agent for over 2hrs. I was trying to disconnect my spectrum tv services. I explained to her I have no need for the service and was paying to much. She negotiated with me for over 1hr and did her best to convince me. At the end everything sounded great. I agreed to her lies. She told me to wait 24 to 48hrs to see the adjustment, she told me everything would stay the same. The only thing that would change would be the price. When I finally looked at the updated statement, I noticed that she added us a landline that we never approved or agreed to. She also added us to a program that she never told us about after that came to find out that we were going to pay more than what she had told us. At the end I called back, spoke to a supervisor. He tried making the adjustments and wasn‚Äôt able to. I‚Äôve been a loyal customer for over 8yrs. It‚Äôs sad to say goodbye.",1,False,Precise23
5,35555535.0,2023-03-23T19:57:57Z,I am sorry to hear you are having a poor experience. We can certainly forward this feedback. Thank you for taking the time to share this with us. ^DC,2023-03-22 13:22:12,Basically worthless app,"It shows my Internet is down and when I click ‚Äòmore details‚Äô zero additional data of value.  Their support is garbage.   I don‚Äôt blame the agents but their exec management. Had multi day outages and zero detail they could provide.  No updates over time just complete and utter silence.  Clearly they don‚Äôt have a grasp on Service Management. Back to the app - click any of the buttons and it leads to a phone number.  Want to upgrade service - call, want to add service - call.   Why show me an option which is of zero use.  I mean there isn‚Äôt much folks need to do in an app tied to the service other than update or change plans so why not make it available I. App.   Honestly have zero interest talking to an agent.  The internet service itself isn‚Äôt horrible but their inability to provide reasonable updates on outages which are of increasing frequency is pushing us to look elsewhere.",1,False,Koyuk
6,,,,2023-03-08 20:00:02,Spectrum mobile service is the abysmal.,"A family member suggested I join Spectrum  mobile last year when I needed to close the AT&T account I shared with grandmother, after her death. Deciding not to stay with AT&T, or go to T-Mobile like I was planning to do is the worst decision I‚Äôve made where mobile service is concerned. I live NEAR DOWNTOWN ORLANDO, and not out in the middle of the woods, but with the way my service is always slow, always throttled, you‚Äôd think I do. I ABSOLUTELY REGRET HAVING SPECTRUM MOBILE, and as soon as I can pay off in full the iPhone that they regularly turn into an brick for me, I am going to T-Mobile where their plans are actually GENEROUS for the money that you pay them. Signing up with Spectrum Mobile has been a terrible experience for me all around, and once I leave I‚Äôll never come back, nor will I ever recommend the ‚Äòservice‚Äô to anyone I know, because it‚Äôs THAT BAD.",1,False,Insekta1701
7,,,,2023-01-29 01:56:17,Apple tablet iPhone 14,I had trouble getting some technical support help from the company to companies at one time so some confusion between how I can get some connectivity between my tablet and iPhone because I cannot share the same phone number. It was a little hard for me to find any real use with the phone that I already had cause I don‚Äôt have any interlinking from the company to the phone seeing how the other beneficiaries of the income that they‚Äôre receiving from me by paying a monthly plan and I cannot unlock my phone I did not give me a working telephone number for my tablet so that I can make phone calls plainly because I‚Äôm just a customer I could be with the initials in my name it could be anything but they wouldn‚Äôt do anything for me and that‚Äôs just that there‚Äôs nothing to me,2,False,Renard k
8,,,,2023-03-28 06:33:11,Changing payment method,"I recently lost my original debit card that I had on file with all my apps on my phone even my doctors offices. Well, I got a new debit card and had to go through the agonizing task of updating and heavy app. Going to the spectrum app and try to find a way how to put the new car and has been a little tedious. I‚Äôm looking on the account page. Nothing that‚Äôs why I usually find it and every other app or underneath personal account information. Your app has it when you go to pay the bill not as a generic area that has all your info Stewart, including payment. Which is common with every app. I find yours to be a bit frustrating. Overall that‚Äôs the only gripe I have about your app",3,False,Usda151
9,,,,2023-02-21 03:52:18,Spectrum services Wi-Fi help,"I take pride in knowing that I can control my password and give my password out to just anybody who I choose of whom I choose when I choose for money and I can‚Äôt do anything about it if I change the password for any reason for lack of payment, due to the fact that they have little to no respect for me, or they do regardless of the situation, it is in spite of knowing that they have the power to say that they don‚Äôt care right and that they do I know for certain I will get mine in the end just like the Lord God and then images in the name of the Lord Jesus Christ",5,False,GODOMESS
10,,,,2023-01-07 06:08:29,So many issues!,"The app always seems be having issues! Can‚Äôt watch tv on my iPhone, either I‚Äôll get the sound and no picture or it will work for a few seconds and then freeze with the sound still playing, OR I‚Äôll open the app and nothing will happen. 
Not only am I having issues on my phone, the app on my tv gives problems too. I have a TV with a built-in Roku in my bedroom, and when I watch the spectrum app, it will do the same thing by freezing where I would have to log out of the app and log back in to try to get it to work. It‚Äôs very frustrating and I wish that they would fix the issues. I was looking at all the reviews of a few years old, but still having the same issue. All other streaming work great on my phone and tv. Please, please fix this issue.",1,False,Tvosges
11,,,,2023-03-17 22:45:38,Buckeyelarry,"Even though Spectrum is cheaper than Directv, it is also not as good. Directv has much more to offer, especially when it comes to their recording box. They also have much better sports programing.
However, being a satellite company, whenever the weather is bad, you can count on Directv to go out!
I guess you get what you pay for, but it would be nice if Spectrum would change their recording boxes so that you could record more shows at one time. They also need to do a better job of making sure our outside wiring is up to date. We have been dealing with wire connections fir a long time.",4,False,Manchester1974
12,34136286.0,2023-01-06T19:31:55Z,We're thrilled the app is meeting your expectations. Thanks so much for the excellent rating and for being a Spectrum customer! ^,2023-01-05 13:27:01,More Easier,Well let's seeü•πüëÄ I use to run to the SpectrumStore every month and I was tired and sometimes hotüî• from racing around town. And one day something happened and I was left with no choice but to use the spectrum app and Guess what? It worked out and was convenient. I probably would be still running here and there every month. Sometimes the old way is unbearable unless. I needed to try this app I can pay my bill from home. Thanks Spectrum for having this app for an old timer üòÄ‚ò∫Ô∏èüëÄüïíüïíüí¨like me üòÜ lol,5,False,Old/new timer‚ò∫Ô∏èüëå
13,35040591.0,2023-02-23T19:52:29Z,"Thanks for taking the time to share your experience with us! We‚Äôre glad to hear that we are providing a quality experience for you. ^STS
",2023-02-22 14:30:37,Simple and Easy to Use,"The Spectrum App is extremely User Friendly.  I love the layout and view.  It is easy to read and follow.  A very practical approach which makes it simple and easy to use.  I have been with Spectrum Mobile and Internet Service for about 1-Month and it has been an overall pleasant experience!  From the installation, to the customer service, the pricing and quality of the technology/service!  It has been a pleasant surprise and just a blessing at this time!",5,False,Leslie '
14,34889554.0,2023-02-15T16:42:37Z,"Thanks for taking the time to share your experience with us! We‚Äôre glad to hear that we are providing a quality experience for you. ^STS
",2023-02-13 18:41:58,Amazing service!,"Called Spectrum this morning as our internet was intermittent or just down almost everyday.  Within 3 hours, Steven, the technician sent here replaced our very old modem/router unit and installed two separate ones.  Called Spectrum again, and Jim walked me through the process for changing my network name and password - and like magic, all 16 of my devices connected within seconds.  I did not have to do each individually, which was a hugeee surprise.  Thank you for amazing people and amazing service!",5,False,HappyWithSpectrum
15,35216153.0,2023-03-06T03:17:05Z,"We are sorry to hear you‚Äôre having issues. Please contact us by private message on Facebook (m.me/Spectrum) or on Twitter (https://twitter.com/ask_spectrum). To provide additional feedback on our Community, please visit https://community.spectrum.net/discussion/169249/troubleshooting-issues-with-the-my-spectrum-app ^DC",2023-03-05 01:00:41,Always a problem,"Let me tell you , if you are one day late in paying your bill your phone gets blown up by them but let your service go out for a 1/2 a day it‚Äôs I‚Äôm sorry for the inconvenience. I‚Äôm suppose to have the high speed internet but it keeps going out. It‚Äôs off and on. I can‚Äôt even watch a 30 minute program without it going out at lease 3 times. Yes I have called and complain but it does no good. Yes I‚Äôm looking another company. Let me tell you they need to keep in mind that there internet goes out a lot and the need to give customers longer in paying there bill without blowing up there phone. I‚Äôm very disappointed in this company",2,False,nana212521
16,34155474.0,2023-01-08T20:25:33Z,"Thank you for sharing the experience you had. We would like to make sure this rep is recognized. Please contact us on Facebook (facebook.com/spectrum), Twitter (https://twitter.com/Ask_Spectrum) or visit our customer Community (https://community.spectrum.net).
",2023-01-06 21:28:37,Spectrum review,"Tommy Nyugen ? was the name of the agent at the spectrum Southridge  mall was my very first experience dealing with spectrum. He was phenomenal, friendly, very knowledgeable, helpful and took time  to explain things.  5 stars to him üëçon the phone activation part was frustrating when I typed in my phone number the electronics kept hanging up and disconnecting me. Then once I spoke with a agent someone else‚Äôs name was attached to my phone number account. Did resolve the problem, hook up went well ‚Ä¶.. all is good now.",5,False,Lorbyn
17,35440472.0,2023-03-17T10:33:56Z,"Thanks for taking the time to share your experience with us!  We‚Äôre glad to hear that we are providing a quality experience for you. Your excellent review made our day! ^RJR
",2023-03-15 23:11:02,Spectrum Care,They peace and joy I get with my spectrum experience is beyond no other. They customize my experience to match my personality. They have a professional staff of people who are knowledgeable in marketing and they can give advice to the customer about what to look at when deciding whether or not you need a product or services. They have been nothing but helpful in helping customers with the right product or service/services. Copy me over.,5,False,mritriedtodoyhat
18,35413534.0,2023-03-16T03:38:06Z,"Thanks for the feedback. If you should ever need direct support, want to ask a question or want provide additional feedback, please visit https://community.spectrum.net/discussion/169249/troubleshooting-issues-with-the-my-spectrum-app ",2023-03-14 17:30:28,I don't like how prices just go up unannounced,"The app is great, my only issue is spectrum is the fact that they can change their prices of things without letting me know, and also they never told me until today that I really didn't even need a dang cable box! I've been paying almost $11 extra a month for something I didn't even need! I've had spectrum for a little over three years with the cable box, so I've been paying an extra $132 a year for 3 years. I could have saved $396 had I known I didn't need the cable box. The app is great though:):)",3,False,GeorgiasFinest89
19,35580727.0,2023-03-25T11:41:04Z,Thanks for taking the time to share your experience with us!  We‚Äôre glad to hear that we are providing a quality experience for you. Your excellent review made our day! ^RJR,2023-03-24 04:35:49,Spectrum,"Thank you and god bless you 
And I love my services 
For troubleshooting my devices 
Especially my wi-Fi router
 and hotspot router as well 
That‚Äôs why I am asking 
thank you very much 
For your help 
I think I figure it out 
Myself 
And thank you again 
And i will recommend you guys 
For my family and friends 
Always and always 
I just love your business 
Especially for Spectrum 
I really really really 
really love you guys 
And I really mean it 
Because I love you guys 
So much 
And I wish 
I could work for you 
At Spectrum 
That would be great 
Thank again 
And God bless you again 
And I have the best 
company ever 
I gave you a 10 
In the ratings 
I am giving you 
A 10 
Because you are
 the greatest ever 
And I really mean it 
Because I love you guys 
That much 
Thanks again 
Love your friends 
John and Nick 
The customers 
Of yours",5,False,whispernick
20,,,,2023-01-10 21:19:26,Best service so far,After being with AT&T for almost 5 years I finally made the switch to Spectrum! Being home all day I like to stream my favorite shows while my 8 year old watches her favorite movies also while my husband plays his video games. With everything streaming on the same WIFI we have no issues with connection and everyone is able to enjoy at once. Best decision I've ever made switching to Spectrum!!!!,5,False,ShaylaaChaviss
21,,,,2023-02-19 17:23:28,ARE YALL BROKE AT SPECTRUM?,"Cause I swear my bill was only $88 , my smalllest bill so I made it last that I pay it! It‚Äôs only 1 month, I have 34 calls from spectrum ( I work & can‚Äôt answer & I definitely ain‚Äôt calling back, my time is precious) they say a friendly reminder! That‚Äôs past a friendly reminder, it‚Äôs so annoying how many call i get & im not past 1 month, maybe late but no even 2 months past , I mean man come on, I‚Äôm about to switch just on the fact YALL BLOW MY PHONE UP behind $88 dollars!! I‚Äôm not exaggerating how many times either, that‚Äôs 2 weeks late and 34 calls!! Omg PLEASE STOP THIS.. or I‚Äôll leave this is my 2nd notice, if it continues, hello direct tv",2,False,TonyaDru
22,34613327.0,2023-02-01T11:26:21Z,"We are sorry to hear you‚Äôre having issues with the My Spectrum app. Please contact us by private message to provide additional feedback on Facebook (m.me/Spectrum), Twitter (https://twitter.com/ask_spectrum) or on our Community forum https://community.spectrum.net/discussion/169249/troubleshooting-issues-with-the-my-spectrum-app ^RJR",2023-01-30 22:46:18,App has been trash for days now,"I don‚Äôt know what is going on but I have been using this app for years.    I just got the new modem so I could pause devices, the problem is‚Ä¶. The app won‚Äôt work!!!    I open the app and get an error ‚Äúunable to complete service request‚Äù after it tries to open for about a minute.      It works intermittently but mostly NOT working.    This has been about a week already.   I assumed it would be fixed within 24 hours.  Boy was I wrong.   Getting irritated enough to cancel my spectrum service and go with another provider.    This is bull when I pay over $100 for the service and can‚Äôt even get a working app!!!",1,False,WallerBoyMom
23,34753730.0,2023-02-08T16:01:12Z,Thanks for taking the time to share your experience with us!  We‚Äôre glad to hear that we are providing a quality experience for you. Your excellent review made our day! ^RJR,2023-02-07 11:56:04,Spectrum review,I really appreciate all the hard work and friendly customer service we were provided with at our local Spectrum store here in Georgetown! We were given the best deal discounts and we were treated with such kindness! I appreciate as well all the ways our customer service representative explained in detail the process what to expect and how easy she made it for us switching our phone plans over to spectrum.,5,False,Amy Guynn
24,,,,2023-03-08 02:25:42,App doesn‚Äôt work,"We have been trying to set up Spectrum at our new home, and the reps keep telling us ‚Äúyou have to use the app now to set up your internet‚Äù but the app doesn‚Äôt allow us to log-in with our account info. When we try to log in, it says ‚Äúcomplete captcha challenge‚Äù but there‚Äôs no captcha to be seen anywhere on the page, nor is there a box to check, nor is there a button to touch for the audio captcha option.

I saw in a recent review that someone else could not only NOT access their account information, but the developer response was ‚Äúcontact us through Facebook or Twitter for support‚Äù.

UNBELIEVABLE AND UNPROFESSIONAL‚Ä¶",1,False,Scarred Boots
25,,,,2023-01-14 03:46:56,Not very useful,Only downloaded the mobile app because the website made it sound like there were more support options in the app. It‚Äôs the same limited Bot chat function & it took numerous times for the app to even let me log in because it was stuck on the loading page. Wasn‚Äôt able to see any other info for internet plans & it directs me to call in. So the app itself is pointless for my needs (I can just use the website & still can‚Äôt reach a live person). Removed the app.,3,False,Aya_the_tiger
26,34078222.0,2023-01-04T03:54:58Z,Thanks for taking the time to share your experience with us!  We‚Äôre glad to hear that we are providing a quality experience for you. Your excellent review made our day!  -DT,2023-01-02 21:36:50,Convenient setup and payment system and clean fast interface,"I really appreciated how easy it was to setup the equipment shipped to my door by Spectrum. Internet is fast, and I‚Äôve been able to set up multiple devices with ease. Payment system was easy and setting up auto pay is a nice feature. Lastly, the user interface is very clean and updated. Would recommend so far!",5,False,Alpal2513
27,34759942.0,2023-02-08T23:47:48Z,"We are sorry to hear we didn‚Äôt meet your expectations and apologize for any poor experience. If you need direct support, want to ask a question or provide additional feedback, please contact us on Facebook (facebook.com/spectrum), Twitter (https://twitter.com/Ask_Spectrum) or visit our customer Community (https://community.spectrum.net).
",2023-02-07 18:14:03,Very disappointed,Spectrum is supposed to have no added taxes or fees per their ads. My account was very confusing from the start on July 2019 with numerous discounts each bill that didn't ever lower my balance which is now $100 more than when I started! That's in 3 1/2 yrs! I don't make changes at all. I have the most basic plan Spectrum has PLUS I had to delete my house phone to save $10/month! My income is low and it is difficult to pay it. Unfortunately I have no choice where I live. It's just way too much for a very basic plan without a home phone.,2,False,rip***tu
28,34783207.0,2023-02-09T23:47:29Z,"Thanks for taking the time to share your experience with us!  We‚Äôre glad to hear that we are providing a quality experience for you.
",2023-02-08 18:30:01,Spectrum experience,My spectrum app is excellent. I get to pay my mobile and other services online in a quickly timely manner. You don‚Äôt have to go into a spectrum store where you have to wait hours to get in line customer service on the phone is quick and efficient they have taken care of every problem I‚Äôve had. and I save time which is key.,5,False,RR try me
29,,,,2023-01-21 15:37:22,Awful customer service,"I have had spectrum for roughly three years now. Every year they try to raise my bill without saying anything to me and when I try to speak to someone about it they are rude and short and refuse to answer my questions. However, as soon as I get a third party involved suddenly they can put my bill back at its original price. It‚Äôs absolutely ridiculous how deceiving they are and how willing they are to screw over their loyal customers. I‚Äôve never written a review before but I am so done with how awful they have been. I will never use spectrum again and will never recommend them.",1,False,Ashton565676
30,32191438.0,2022-09-23T11:58:27Z,"We're sorry to hear about this issue and would love to see how we can help. Please visit https://community.spectrum.net/discussion/169249/troubleshooting-issues-with-the-my-spectrum-app to find answers to common issues or you can post additional feedback or ask a question so we can help you resolve the issue. ^PB
",2023-03-09 12:48:36,Not combined,"i have a iPhone pro max and when they got rid of the mobile app it was suppose to combine with the normal spectrum app, but i no longer can pay my bill on the app. I have to physically go to the website it is super annoying. Since I don‚Äôt have access to the website all the time. Its so inconvenient please help and fix my app so I can pay in the app.
Update: 
So I still can‚Äôt pay my phone bill on the app. This has been an ongoing issue. This issue alone makes me want to switch companies. Heavily considering going to another company.",2,True,Aachae
31,,,,2023-02-07 21:47:47,GOOD LUCK,I‚Äôm really disappointed in this company I‚Äôve been having it for a while but past 1 and half this company is gone try so many bad experiences every single day I don‚Äôt get any WiFi connection and constantly have issues with the WiFi and cable I advise everyone to make sure ur WiFi and cable is but the right way and last 4 months I pay 250$  but some how within the 4 months I‚Äôve been paying 550$ make sure y‚Äôall get a contract done with them bc they will make u pay more tha. U supposed too if u don‚Äôt have a contract thx guys,2,False,"crazyeyes10"""
32,35282956.0,2023-03-09T03:48:13Z,"Thanks for the feedback! If you should ever need direct support, want to ask a question or want provide additional feedback, please visit https://community.spectrum.net/discussion/169249/troubleshooting-issues-with-the-my-spectrum-app ",2023-03-07 23:33:57,Spectrum commercial,"I want to thank you for creating new commercials. 
The FREE ‚Äúscreamer‚Äù was just plain annoying. A friend who also disliked it said it was like fingernails on a chalkboard. She too sat w her remote and muted every time it came on. 

I have the habit of falling asleep w the TV on. Bad habit I admit‚Ä¶. Even tho the volume was turned down the ‚Äúscreamer‚Äù never failed to jolt me awake. 
Thank you and here‚Äôs to effective low-key spots!!",5,False,A Spectrum fan
33,35202664.0,2023-03-04T19:19:49Z,"Thanks for taking the time to share your experience with us!  We‚Äôre glad to hear that we are providing a quality experience for you.
",2023-03-03 12:26:57,Spectrum Service,"I have never experienced such professional and exceptional service from any other company in my life. From the very start it was my dream to become a Spectrum customer. From signing up for service to the installation team, everything was more than I could have ever dreamed of. Thank you so much, we love our new service provider.",5,False,Jim Vineyard
34,35186210.0,2023-03-03T12:36:47Z,"Thanks for the excellent rating! If you need direct support, want to ask a question or provide additional feedback, please contact us on Facebook (facebook.com/spectrum), Twitter (https://twitter.com/Ask_Spectrum) visit our customer Community (https://community.spectrum.net). ^RJR",2023-03-02 01:44:31,Very Grateful,"I am pleased with my Spectrum service to a great degree, ( via the Internet) as it has been reliable and helpful in more ways than I would have imagined, truly the Spectrum service I receive has revolutionized my technological  experience. Moreover the ease of the Spectrum app has been a compliment to the overall appeal. Thank you Spectrum for helping upgrade my life. God bless you.",5,False,Versustri
35,35278625.0,2023-03-08T20:03:57Z,"We're sorry that you're having issues with your service and we would like to help. Please contact us on Facebook (facebook.com/spectrum), Twitter (https://twitter.com/Ask_Spectrum) or visit our customer Community (https://community.spectrum.net) so we can help provide you with a solution.
",2023-03-07 15:57:10,Not happy with your outages,"Glad I can pay online but still upset you cut off cable for hours due to outage and refuse to give me a credit!!!
It has happened several times when I wanted to watch specific sport and you are having issues I have no cable 
You say only give credit for more then 4 hours but you are down 3.5 hours several days in a row
Not right!",4,False,gayle gale
36,34536228.0,2023-01-29T00:19:30Z,"Thanks for taking the time to share your experience! If you need direct support, want to ask a question or provide additional feedback, please contact us on Facebook (facebook.com/spectrum), Twitter (https://twitter.com/Ask_Spectrum) visit our customer Community (https://community.spectrum.net).
",2023-01-27 20:10:52,Wifi,"I am having a good experience with spectrum. I do believe it is a little pricey, and I‚Äôm being overcharged for just Wi-Fi. I can‚Äôt even afford cable and I‚Äôve tried to sign own, but nobody wants to help inside the store so I gave up because this was over a year ago and I tried, and I tried, and I tried. Maybe someone could call me and help me",5,False,Lizard#53
37,35238346.0,2023-03-06T19:54:47Z,"We are happy you are enjoying the My Spectrum App. If you need direct support, want to ask a question or provide additional feedback, please contact us on Facebook (facebook.com/spectrum), Twitter (https://twitter.com/Ask_Spectrum) or visit our customer Community (https://community.spectrum.net).
",2023-03-05 12:44:43,Inadequate,"Simple to navigate but no useful info when you get there. Can see data use by line- but not the end of the billing period, nor a daily usage to see where data use might have been an issue so you can correct usage issues and patterns. Absolutely no detail on billing statements. Billing statements are a full month out of date anyway. If you want to know your bill total or upgrade( so you can pay more) this is a good app. For actually understanding your account or usage, it‚Äôs no help.",2,False,v.daniell
38,,,,2023-01-27 09:09:26,Not worth the struggle.,"App states you can reset your modem or router through the app yet i don‚Äôt have the option. App states I can change the name and password of my wifi yet i dont have the option. This app is horrible and the service is even worse. I pay for 300 mbp and I get it yet the service still struggles to run? I do everything that is needed and even got a technician to come by and yet it still struggles? Horrible service please run away from spectrum. Don‚Äôt know how they got all these 5 star reviews, most likely botted. Fix your app and fix your service.",1,False,trashiii
39,,,,2023-02-28 18:20:55,Review,The app is always better then going in to pay your billThe kiosk machine is never working and when you go up to a counter to pay your bill they ignore you give you attitude and tell you to use the kiosk even though they know it‚Äôs not working just a very bad place to go into would rather use the app,5,False,"1&?@""-05,8@,$/7(0@!.,?:;5"
40,34188154.0,2023-01-09T23:47:54Z,Thanks for taking the time to share your experience with us!  We‚Äôre glad to hear that we are providing a quality experience for you. Your excellent review made our day!  ,2023-01-08 15:02:07,All in one!,"Since Spectrum upgraded the app, it has been a lot more convenient and easier seeing all my services in one app. With the app, I can see my current and past bills, control my home internet and devices, and reaching customer support when needed. Overall, the upgrades make the app amazing.",5,False,Poison.28
41,34055590.0,2023-01-03T04:33:08Z,Thanks for taking the time to share your experience with us!  We‚Äôre glad to hear that we are providing a quality experience for you. Your excellent review made our day!  -DT,2023-01-01 18:25:12,Customer Forward,I appreciate the customer forward nature of Spectrum. I get alerts and proactive information. I get information to help me take care of my accounts better and the customer service is always very friendly and super helpful! It‚Äôs one of the few stores I actually like going into for help!,5,False,Stylin' Mom
42,35123208.0,2023-02-28T15:17:47Z,Thanks for taking the time to share your experience with us!  We‚Äôre glad to hear that we are providing a quality experience for you. Your excellent review made our day! ^RJR,2023-02-26 17:54:17,Problem solved-router,Well we had a huge power outage and when it came back I had no internet. Thinking they may still have issues I assumed they were still down. I powered the cable modem and it showed connected but still no internet. Using the app I used it to recycle the modem and problem solved. So yeah App.,5,False,Comeon111
43,35485866.0,2023-03-20T14:46:37Z,"We're sorry to hear you‚Äôre having issues with the My Spectrum app. Please contact us by private message on Facebook (https://bit.ly/2FhleCk) or on Twitter (https://bit.ly/3n1B0uw). To provide additional feedback on our Community, please visit https://bit.ly/3piLaWB ^STS
",2023-03-17 10:55:49,App doesn‚Äôt work,"This app does not tell you any information regarding your billing but does give information on how to give your credit card info for automatic billing. It does, however, show you all the ways you can upgrade to more of their products. Their chat box is limited so you have to call anyway. This app is just another way for Spectrum to give the worst customer service they possibly can. 
Basically, if they can‚Äôt get an app right, should you really trust them with more than you basic internet: if that?",1,False,pacificwar
44,34958136.0,2023-02-20T04:05:20Z,"We are sorry to hear you‚Äôre having issues with the My Spectrum app. Please contact us by private message on Facebook (m.me/Spectrum) or on Twitter (https://twitter.com/ask_spectrum). To provide additional feedback on our Community, please visit https://community.spectrum.net/discussion/169249/troubleshooting-issues-with-the-my-spectrum-app  -DT",2023-02-18 19:49:14,Error when launching app,I have the same problem as the previous poster. I can‚Äôt launch the app. It‚Äôs just spinning and then timed out with error. I was able to get to it a few months ago but in the last month or so it just doesn‚Äôt allow me to get into the login screen. Weird!!!,5,False,tt10264
45,25299571.0,2021-09-24T11:35:07Z,We're sorry to hear about this issue and would love to see how we can help. Please visit https://community.spectrum.net/discussion/169249/troubleshooting-issues-with-the-my-spectrum-app to find answers to common issues or you can post additional feedback or ask a question so we can help you resolve the issue. ^PB,2023-03-07 03:35:18,"Horrible billing practices, great service otherwise","I moved so was paying for services at two locations for a couple months. At one location I will be billed $125 for services from March 1 through March 31st despite canceling service on March 3rd. So, I paid $125 for less than 3 days of service.

And they do not offer prorated refunds for amount paid. While I am happy with their Internet services, the lack of being able to offer a prorated refund or rate is horrible. Should be easy to do in this day and age.

Unfortunately they are a kind of monopoly in my area so can‚Äôt take my money elsewhere.

Moral of the story is that if you cancel, make sure to milk it all out by canceling the very last day of the month AND removing autopay so that you can‚Äôt be billed any more in the future. Won‚Äôt be making that mistake again.",2,True,ScottK83
46,34275413.0,2023-01-13T19:32:28Z,"Thanks for taking the time to share your experience with us!  We‚Äôre glad to hear that we are providing a quality experience for you.
",2023-01-12 15:38:41,Spectrum,I really enjoy you internet service although I do not  like how the prices change all the time . I have been with y‚Äôall since 2014 or so and it the same ‚Äò you get one price quote and then after a while y‚Äôall change . I rather enjoy your services more if y‚Äôall stick to a plan .,5,False,Rdarla1
47,34455599.0,2023-01-24T11:36:00Z,Thanks for taking the time to share your experience with us!  We‚Äôre glad to hear that we are providing a quality experience for you. Your excellent review made our day! ^RJR,2023-01-23 01:41:56,Spectrum mobile,"My son lives in an area of Iowa where phone service is very dicey at best.   He has Spectrum mobile down there and it works better then the only service he was told would work in the area.  I highly recommend Spectrum mobile to anyone looking for a new, cheaper service.",5,False,kidzma9
48,34860485.0,2023-02-14T11:38:38Z,"We are sorry to hear you‚Äôre having issues with the My Spectrum app. Please contact us by private message to provide additional feedback on Facebook (m.me/Spectrum), Twitter (https://twitter.com/ask_spectrum) or on our Community forum https://community.spectrum.net/discussion/169249/troubleshooting-issues-with-the-my-spectrum-app ^RJR",2023-02-14 23:03:52,App is now fixed due to an account issue,"Since the last update, the app hasn‚Äôt worked at all. Uninstalled and reinstalled, but nothing. Worked fine before the last update.

Update: Something on Spectrums end messed up my login information. They did fix my account and was able to login again.",4,True,wescwb
49,34333968.0,2023-01-17T12:22:57Z,Thanks for taking the time to share your experience with us!  We‚Äôre glad to hear that we are providing a quality experience for you. Your excellent review made our day! ^RJR,2023-01-16 03:52:46,Paying my bill on this app!,"This app is the best app to pay my bill I‚Äôve ever used ‚Ä¶ and I‚Äôve used many! The snap shot of payment is the coolest, and totally convenient, and everything else is just great! I‚Äôm finished before I can blink! Some apps are so difficult it‚Äôs pitiful! Spectrum has proven it can be easily done!!

Thank you
Joyce Benoit",5,False,Joy en
50,35171267.0,2023-03-02T19:47:14Z,"Thanks for the feedback regarding the My Spectrum app. If you should have any questions please reach out to us on Twitter (https://twitter.com/Ask_Spectrum) or on Facebook (m.me/Spectrum) or visit our community located at https://community.spectrum.net/discussion/169249/troubleshooting-issues-with-the-my-spectrum-app  
",2023-03-01 13:16:28,Could be better,"I‚Äôd give 5 stars but you need to fix the app to when you can switch your mobile plan to any new deal that‚Äôs out, I‚Äôve tried to get the unlimited line with the free line for 12 months and all it done was change me for 1 unlimited line then 1 for the by the gig line besides that it‚Äôs a good app to pay your bill with",4,False,HcGrEaSeMoNkEy
51,,,,2023-03-04 09:31:35,"I don‚Äôt write reviews, but this is my first!","I‚Äôve lived many places coast to coast and Spectrum has been unequivocally better than the rest! Adjustable payments based on income, reliable connection, and the big one for me; EXCELLENT CALL SERVICE. I can only speak for myself but I‚Äôve never had a complaint for this service.",5,False,spisheyspock
52,35313896.0,2023-03-10T11:39:33Z,"We are sorry to hear you‚Äôre having issues with the My Spectrum app. Please contact us by private message to provide additional feedback on Facebook (m.me/Spectrum), Twitter (https://twitter.com/ask_spectrum) or on our Community forum https://community.spectrum.net/discussion/169249/troubleshooting-issues-with-the-my-spectrum-app ^RJR",2023-03-08 17:48:32,Why can‚Äôt an internet company make an app,"It‚Äôs so frustrating I am poor and can‚Äôt afford a desktop computer, I do however have my phone. The problem is that this app never works. I have never seen an app down as frequently as this one, this is also how I pay my spectrum bill. This should be a priority for all your customers and I have yet to see that. Get this app fixed.",3,False,baylee burrows
53,,,,2023-02-23 15:55:07,Spectrum,"What a great company for the current times of the lackluster services most companies provide. While spectrum doesn‚Äôt hit the mark every single time however, they do the best to be able to give the best service and  offer the most current technology for all of us.",5,False,HappyValleyPainters
54,,,,2023-02-01 02:03:48,Customer service,"I replaced my TV cable box this afternoon, and after it failed to connect to Wi-Fi medication called spectrum customer service who I‚Äôm glad to say solve the problem and upgraded the system over the telephone, so thank you. Customer service in spectrum Brands.
Sincerely,   A happy spectrumAffiliate",5,False,pmtondemand
55,35314514.0,2023-03-10T12:05:56Z,Thanks for taking the time to share your experience with us!  We‚Äôre glad to hear that we are providing a quality experience for you. Your excellent review made our day! ^RJR,2023-03-09 07:46:54,"Spectrum Internet, home phone and cellular package","I just made the leap and added a cell phone and home phone to my Spectrum service and so far I‚Äôm very pleased. I also got an IPhone 12 to boot. Not the latest IPhone but a brand new one and I love it. Great coverage. Very happy with the new service, no more coverage loss. So far so good. 

Joe Damm
Ohio.",5,False,JoeyGIFs
56,35012971.0,2023-02-22T11:46:25Z,Thanks for taking the time to share your experience with us!  We‚Äôre glad to hear that we are providing a quality experience for you. Your excellent review made our day! ^RJR,2023-02-21 07:24:43,The best,"Every time I‚Äôve had an issue that I couldn‚Äôt resolve myself the staff that works for spectrum are always so understanding. Funny, they don‚Äôt make me feel awkward or uncomfortable for asking 101 questions. I literally feel like I‚Äôm talking to one of my friends while trying to solve my Issue,",5,False,Thetruthtrater
57,34481062.0,2023-01-25T15:22:05Z,Thanks for taking the time to share your experience with us!  We‚Äôre glad to hear that we are providing a quality experience for you. Your excellent review made our day! ^RJR,2023-01-24 12:21:38,Real customer,I actually really enjoy this soo it helps me maintain my account and allows me to make payments quick and easy. Definitely recommend if you are a busy body like me and forget to check the mail or pay the bill from time to time ü´†,5,False,Sinnfully.Sweet
58,,,,2023-02-04 05:11:58,Beneficial app!,"I use the app religiously when paying my bill and I love it. It makes things a lot easier, it‚Äôs quick, and definitely saves me time. Trying to get a rep on the phone isn‚Äôt hard but who wants to have to call when they have this great app üòÅüëç",5,False,dommiebieberxo
59,34234584.0,2023-01-11T23:16:24Z,"We are sorry to hear you‚Äôre having issues with the My Spectrum app. Please contact us by private message on Facebook (m.me/Spectrum) or on Twitter (https://twitter.com/ask_spectrum). To provide additional feedback on our Community, please visit https://community.spectrum.net/discussion/169249/troubleshooting-issues-with-the-my-spectrum-app  -DT",2023-01-10 19:56:05,Can‚Äôt manage devices on network,The app description says that you can manage devices on your network but you cannot suspend access to individual devices without changing the password not convenient for families with children. I‚Äôve previously had xfinity and att and was able to monitor and suspend individual devices with them but only spectrum is available at my current residence hopefully that changes soon because until then I‚Äôm stuck with this poor service,1,False,Pallwall713
60,35575356.0,2023-03-24T19:16:08Z,"We are sorry to hear you‚Äôre having issues with the My Spectrum app. Please contact us by private message on Facebook (m.me/Spectrum) or on Twitter (https://twitter.com/ask_spectrum). To provide additional feedback on our Community, please visit https://community.spectrum.net/discussion/169249/troubleshooting-issues-with-the-my-spectrum-app 
",2023-03-23 16:11:50,Horrible website and app,Trying to use their app to add a phone line or website doesn‚Äôt work AT ALL always error at the end. Spent an two hours trying to add a phone line I write my card information and then when I try to process it there‚Äôs an error.. like do you not want money? Lol embarrassing! Do better! Big company acting like a small one‚Ä¶ I paid two phone bills already and going for the third.. 3 payments spectrum missed out on getting.. imagine how much they lose in a year! So bad!,1,False,unsatified customer richard
61,34342803.0,2023-01-17T20:31:57Z,We're thrilled the app is meeting your expectations. Thanks so much for the excellent rating and for being a Spectrum customer! ^,2023-01-16 17:01:04,Customer service,"The last person who I spoke with in customer service was very helpful and made sure I understood all my plan options. Also, I‚Äôve been with spectrum for a few years and using the app has always been a breeze.",5,False,Lorraine2828
62,35202684.0,2023-03-04T19:21:10Z,"We are sorry to hear we didn‚Äôt meet your expectations and apologize for any poor experience. If you need direct support, want to ask a question or provide additional feedback, please contact us on Facebook (facebook.com/spectrum), Twitter (https://twitter.com/Ask_Spectrum) or visit our customer Community (https://community.spectrum.net).
",2023-03-03 15:04:44,Horrible Customer Service,Spectrum mobile offers a special of free service for a year if you purchase a phone. DO NOT WASTE YOUR TIME. They sold me the wrong phone. It took months to get that straightened out. I finally got it and they continue to charge me for the service. During this ordeal I have spoken to at least 20 service reps. I lost count to be honest. It‚Äôs been 3 months now and once again I was charged. On top of it the service is awful. I currently have 1 bar. I am exhausted trying to resolve this.,1,False,80881
63,34260206.0,2023-01-13T04:18:29Z,Thanks for taking the time to share your experience with us!  We‚Äôre glad to hear that we are providing a quality experience for you. ^DC,2023-01-11 19:18:08,Spectrum Review,"This a great service provider with great plans and quality Smart Phone products that are new which‚Äôs great because without having to say it, it works with colleges, companies, financial institutions, while continuing to expel past bad experiences for every reason possibly ever thought.
-Sincerely, Cole Planinz.",5,False,Cole.Planinz
64,34155471.0,2023-01-08T20:24:52Z,"Thanks for taking the time to share your experience with us! We‚Äôre glad to hear that we are providing a quality experience for you. ^STS
",2023-01-06 23:40:38,So fast and easy,This is by far one of the better apps I‚Äôve ever had to deal with for paying bills. It even gives you an option to save a screenshot after you‚Äôve paid and it saves it to your photos. Very convenient.,5,False,Jill2614
65,35330219.0,2023-03-11T19:25:42Z,"Thanks for taking the time to share your experience with us!  We‚Äôre glad to hear that we are providing a quality experience for you.
",2023-03-10 15:50:01,"Simple, user friendly","Great app, easy to use. Really simple. You‚Äôre able to do everything in the app in just a few seconds, including restarting my wifi router, changing the wifi passwords, and paying my bill. Excellent.",5,False,Rosaaaahh
66,34647635.0,2023-02-03T01:02:38Z,"Thanks for taking the time to share your experience with us!  We‚Äôre glad to hear that we are providing a quality experience for you.
",2023-02-01 13:36:36,Overall good app,Overall good app easy to use. Room to grow area is would like to be able to have a second account added to just one log in and tied in with my primary account. Have a second home and have to use 2 different acccount log in to see and pay bills.,4,False,gixxerjake23
67,32382213.0,2022-10-04T11:34:06Z,"We're sorry to hear about this issue and would love to see how we can help. Please visit https://community.spectrum.net/discussion/169249/troubleshooting-issues-with-the-my-spectrum-app to find answers to common issues or you can post additional feedback or ask a question so we can help you resolve the issue. ^PB
",2023-01-10 07:48:12,Don't force updates - users might not have internet,"Most people likely use this app to help trouble shoot internet issues. (In addition to paying their bills) Forcing them to update the app every time you make a minor change, without giving them an option to put it off until, you know, their internet works...is a bad move. Cable companies aren't known for their customer service, but this one won't even cost you money to fix :)",1,True,Elantrian
68,35440488.0,2023-03-17T10:35:34Z,"We're sorry that you're having issues with your internet service and we would like to help. Please contact us on Facebook (facebook.com/spectrum), Twitter (https://twitter.com/Ask_Spectrum) or visit our customer Community (https://community.spectrum.net) so we can help provide you with a solution. ^RJR",2023-03-16 01:09:50,The internet goes out alot and doesn‚Äôt have a good signal from time to time,The internet goes out often and doesn‚Äôt have a good signal at times it needs fixed I‚Äôm not the only customer in Coolville with this problem,5,False,Rose Tyman
69,35591732.0,2023-03-26T20:02:07Z,Thanks for your feedback! We‚Äôre always working to provide the best in-app experience and will forward your suggestion. ^DC,2023-03-25 13:50:33,Pretty good. Could use some tweaks,"App is overall useful, but a bit of a headache. When my internet cuts out and I use to app to check it it seems to bug a lot. I have to refresh and go back. Eventually I can actually see it. The support chat is kind of annoying to get to and keep up with. Overall useful, just some things aren‚Äôt optimal",3,False,BoomerVonBlack
70,35003950.0,2023-02-22T04:13:41Z,"We are sorry to hear you‚Äôre having issues with the My Spectrum app. Please contact us by private message on Facebook (m.me/Spectrum) or on Twitter (https://twitter.com/ask_spectrum). To provide additional feedback on our Community, please visit https://community.spectrum.net/discussion/169249/troubleshooting-issues-with-the-my-spectrum-app  ",2023-02-20 19:40:42,App is outdated,"I do not understand why Spectrum is very negligent when it comes to maintain, service, etc the m√≥vil app. Spectrum is a media Company , how come the system does not work properly, it is a mess. I have a business acc and also a residential acc and Always my payments are mixed up, eventhough I make sure to give as much separate info for each acc As I can - and ALWAYS the payments are switched.",3,False,Tili Salszer
71,34130999.0,2023-01-06T12:20:45Z,"We are sorry to hear you‚Äôre having issues with the My Spectrum app. Please contact us by private message to provide additional feedback on Facebook (m.me/Spectrum), Twitter (https://twitter.com/ask_spectrum) or on our Community forum https://community.spectrum.net/discussion/169249/troubleshooting-issues-with-the-my-spectrum-app ^RJR",2023-01-05 01:31:13,My Spectrum Ap stuck in permanent limbo.,"I have tried everything for the last week to get on the ap to pay my bill. It just shows a loading circle. I even shut my phone completely off and back on, deleted and reinstalled the ap and still have the same issue. I tried calling in for help but was on hold forever. Payed my bill via the phone system. Bothersome to say the least.",2,False,tonymaccio
72,34173316.0,2023-01-09T11:34:03Z,Thanks for taking the time to share your experience with us!  We‚Äôre glad to hear that we are providing a quality experience for you. Your excellent review made our day! ^RJR,2023-01-07 23:41:09,Tina Davis,"I love spectrum , not only did they make it super easy to pay the bills the app is awesoem I can watch my show on breaks at work and I get amazing internet service with my kids having so many t.v.s and game systems this is the only service that works for us . Thank you spectrum",5,False,kikiü•¥
73,34589776.0,2023-01-31T11:43:40Z,"We are sorry to hear you‚Äôre having issues with the My Spectrum app. Please contact us by private message to provide additional feedback on Facebook (m.me/Spectrum), Twitter (https://twitter.com/ask_spectrum) or on our Community forum https://community.spectrum.net/discussion/169249/troubleshooting-issues-with-the-my-spectrum-app ^RJR",2023-01-29 22:49:26,Barely Functional App,"Really wish that you would be able to actually modify your network name and preferences. All of the hardware and informational videos / support pages on the spectrum website say ‚Äúto change WiFi name, download the app:‚Äù and then the app gives your directions to things that no longer exist / must have been edited out with the latest update. There is no network setting in the app. I‚Äôve been lead in circles for about an hour now.",1,False,means_of_egrets
74,34324319.0,2023-01-17T04:17:39Z,"We are sorry to hear you‚Äôre having issues with the My Spectrum app. Please contact us by private message on Facebook (m.me/Spectrum) or on Twitter (https://twitter.com/ask_spectrum). To provide additional feedback on our Community, please visit https://community.spectrum.net/discussion/169249/troubleshooting-issues-with-the-my-spectrum-app  ",2023-01-15 20:47:53,WORST SERVICE,Besides the few months frontier could not even give us the service they made us pay for & then claimed no one was in the area to service us - this has been the WORST SERVICE I have ever had. Just switched phones over ü§£ü§£ as soon as our phones are paid off or we have start up money im going back to cricket. At this point ill go w out a phone! Ill function on a govt phone! Had this internet 5+ years and the past 3 have been the WORST! Plus our phones! So fed up!,1,False,daileighnovemeber
75,35067696.0,2023-02-25T11:20:42Z,"We are sorry to hear you‚Äôre having issues with the My Spectrum app. Please contact us by private message to provide additional feedback on Facebook (m.me/Spectrum), Twitter (https://twitter.com/ask_spectrum) or on our Community forum https://community.spectrum.net/discussion/169249/troubleshooting-issues-with-the-my-spectrum-app ^RJR",2023-02-23 23:57:49,Can‚Äôt sign in!!,"I love the spectrum app, got the iPhone 14 and had to sign into all of my apps again, spectrum is the only app I CANNOT sign into. Everytime it tells me ‚Äúget started‚Äù I sign in via the website (where it takes me) expecting it to sign me into the app, then it makes me sign in again and just goes to my account in the web browser instead.",3,False,xored
76,34251608.0,2023-01-12T15:24:46Z,We're sorry to hear about this issue and would love to see how we can help. Please visit https://community.spectrum.net/discussion/169249/troubleshooting-issues-with-the-my-spectrum-app to find answers to common issues or you can post additional feedback or ask a question so we can help you resolve the issue. ^JF,2023-01-11 04:13:25,Serious problems with you app,"I downloaded app to install new equipment and I can‚Äôt even log in or create and account to log in. The app is horrible. On sign in page, no matter what I tap on nothing happens. I have logged out and back in and nothing helps.  SO MUCH FOR EASY INSTALL process as your letter stated. This is disturbing. And DON‚ÄôT respond by telling me to respond on Facebook or Twitter or and other format. I don‚Äôt use those social media formats. 

Need an answer tomorrow  (Wednesday). 

So disappointed.",1,False,also disturbed in ohio
77,34889794.0,2023-02-15T16:59:46Z,"Thanks for taking the time to share your experience with us! We‚Äôre glad to hear that we are providing a quality experience for you. ^STS
",2023-02-14 04:57:11,Super helpful app,This app is everything you‚Äôd want it to be. It even told me when my tech was coming and even tracked him coming to my place to activate my cables FOR FREE. Btw Oliver is a gem. He was wonderful. He even stayed until it was 100% for sure that it was all a go.,5,False,San Diego search
78,34868203.0,2023-02-14T19:32:08Z,"Thanks for taking the time to share your experience with us! We‚Äôre glad to hear that we are providing a quality experience for you. ^STS
",2023-02-13 12:16:10,10/10,I was able to chat w customer service because I was having trouble with installing. They had someone come out to my house that same day and helped me set everything up free of charge. He was very thorough.,5,False,ReeseAsbury
79,35186141.0,2023-03-03T12:32:42Z,Thanks for taking the time to share your experience with us!  We‚Äôre glad to hear that we are providing a quality experience for you. Your excellent review made our day! ^RJR,2023-03-02 08:17:37,My Service,I am so happy with the service always keep me updated if there is any problems and if there is which is almost never they are on top of getting it taken care of.,5,False,EzCKat
80,34778092.0,2023-02-09T16:20:35Z,"We're sorry to hear you‚Äôre having issues with the My Spectrum app. Please contact us by private message on Facebook (m.me/Spectrum) or on Twitter (https://twitter.com/ask_spectrum). To provide additional feedback on our Community, please visit https://community.spectrum.net/discussion/169249/troubleshooting-issues-with-the-my-spectrum-app ^STS
",2023-02-08 09:24:17,Started off well,"So the app was working fine and for the last month it has not been working! I‚Äôve uninstalled the app and reinstalled it! Restarted my phone and nothing! I keep getting and ‚ÄúUNABLE TO COMPLETE SERVICE REQUEST‚Äù and ‚Äú We‚Äôre sorry something didn‚Äôt work quite right, Please try again‚Äù I‚Äôve been trying for since last month! What‚Äôs the purpose of the app if you‚Äôre going to address all issues on the website instead?",1,False,SuperTaku
81,,,,2023-02-27 04:59:43,Improvement,The only one thing I suggest is that in each app consumers should be able to set its own personal notification ringtone pacifically spectrum having its own ringtone notification ringtone.,5,False,Kuzoomie
82,34156923.0,2023-01-08T23:51:31Z,Thanks for taking the time to share your experience with us!  We‚Äôre glad to hear that we are providing a quality experience for you. ^DC,2023-01-07 14:35:04,Going good,So far everything has been good with spectrum. I like the Service and the deals that come with it. The only thing I don‚Äôt like is how high my bill is on a monthly basis but other than that everything is going good,5,False,alwaysderrick
83,34116810.0,2023-01-05T19:30:44Z,"We are sorry to hear we didn‚Äôt meet your expectations and apologize for any poor experience. If you need direct support, want to ask a question or provide additional feedback, please contact us on Facebook (facebook.com/spectrum), Twitter (https://twitter.com/Ask_Spectrum) or visit our customer Community (https://community.spectrum.net).
",2023-01-04 16:52:05,Bill keeps going up,I‚Äôve been a customer for 3 years and I have never changed anything on my bill and it just keeps going up. I do plan to shop around for a better deal if you can‚Äôt match the price I will have to go with the cheaper one.,4,False,chloelucassimon
84,,,,2023-01-14 14:16:56,App and fees,"Spectrum App great .. your cost of basic services outrageous .. seeing why more and more people are ditching cable and streaming .. will be looking into that .. again, I have BASIC Cable , no ‚Äúpaid‚Äù channels and bill is a car payment .",5,False,Too much $ for Basic Service
85,,,,2023-02-24 19:45:56,Easy to navigate,"I appreciate the access we have through the app. From being able to reset our equipment, to paying the bill. Super easy!",5,False,wallflowerpower
86,,,,2023-02-24 17:44:16,:),I just love the app so much. I can pay my bills on my phone i can disconnect people who‚Äôs the the list i can upgrade my wifi like it‚Äôs just the best app For you internet i will recommend to try it you‚Äôll love it!,5,False,Damarion L.
87,,,,2023-02-11 01:17:34,"So far, I love the app!","I‚Äôve only been a customer for a month, but so far, I‚Äôve he app has been really easy to use and I like it! It‚Äôs easy to see your service status, super easy to make a payment. I‚Äôm enjoying the app.",5,False,JAckley paper
88,,,,2023-03-08 11:11:28,Great app but wish the bot chat was better,"Great app but wish the bot chat was better for customer service, trying to find answers to thing is some what challenging, but everything else is great and easy",5,False,Mustg girl
89,,,,2023-03-11 01:23:16,Oh word?,"My name is Artie, not Auther and also it‚Äôs very easy to receive a service plan, use that plan and payt for that plan‚Ä¶ repeat. Received, Used, Paid for‚Ä¶ repeat. It‚Äôs not rocket Science, but if you don‚Äôt pay you‚Äôll never beat Bezos. (You generally, not y‚Äôall).",5,False,anarchosemiotics
90,,,,2023-03-16 18:04:55,Read out,It doesn‚Äôt show all the information when you are paying via phone. Like half is cut off.  Not sure if it‚Äôs my phone or what.  But I make it work,5,False,Lorriecarter
91,35282973.0,2023-03-09T03:49:07Z,Thanks for taking the time to share your experience with us!  We‚Äôre glad to hear that we are providing a quality experience for you. Your excellent review made our day!  ,2023-03-07 21:48:20,Great app,It‚Äôs so nice to be able to always access my account and immediately pay my bill. I‚Äôve also used the chat to help me with an issue. No waiting on hold forever.,5,False,Akanae1
92,35103863.0,2023-02-27T19:37:30Z,"Thanks for taking the time to share your experience with us! We‚Äôre glad to hear that we are providing a quality experience for you. ^STS
",2023-02-26 15:36:56,Amazing service,"I just moved to a new apartment and wanted to enroll into a internet service. I really was skeptical about spectrum. But they did and amazing, fast and easy to install. Great service, really easy to install and to pay",5,False, Yesi
93,34224218.0,2023-01-11T11:33:00Z,"Thank you for taking the time to share your experience and provide us with this feedback, we will forward your suggestions. If you should have any questions please reach out to us on Twitter (https://bit.ly/2Qqgzrg) or on Facebook (https://bit.ly/2FhleCk) or visit our community located at https://bit.ly/3piLaWB ^RJR",2023-01-10 00:30:41,The app,The only thing that I would like to see changed about the app is when I try to see my mobile account I can not do something‚Äôs that I could do on the old app!!!! This app is very confusing compared to the old one!!!! Thank you!!!!,4,False,Deb and Polly
94,35502008.0,2023-03-21T10:48:02Z,Thanks for taking the time to share your experience with us!  We‚Äôre glad to hear that we are providing a quality experience for you. Your excellent review made our day! ^RJR,2023-03-20 04:24:14,For Fast Great Internet - Spectrum,I Enjoy the service. Always get great connection. Good for gaming get the best Internet they offer. I also get basic cable. Never have any issues. Mutiple people on a wireless modem never have issues.,5,False,ScorpioJay6
95,35568017.0,2023-03-24T11:12:30Z,"We're sorry that you're having issues with your internet service and we would like to help. Please contact us on Facebook (facebook.com/spectrum), Twitter (https://twitter.com/Ask_Spectrum) or visit our customer Community (https://community.spectrum.net) so we can help provide you with a solution. ^RJR",2023-03-23 07:20:48,Two stars,"I‚Äôm not sure if it was part of the last update but i can‚Äôt set parental controls anymore, before i can pause and i pause my kids wifi at anytime or set up what time it will pause and unpause, the section of the App that has that was under ‚Äúservices‚Äù but now it just ask me if i want to upgrade my services. I‚Äôll put 5 stars if fixed",2,False,dodongdave1
96,34686411.0,2023-02-05T23:47:46Z,Thanks for taking the time to share your experience with us!  We‚Äôre glad to hear that we are providing a quality experience for you. ^DC,2023-02-04 15:48:51,Perfect.,I received an email that my payment missed and thanks to the app it was paid immediately. I‚Äôm able to regulate my devices and that‚Äôs what counts. I have full control of my account in my pocket!,5,False,zenzev
97,34533237.0,2023-01-28T15:15:53Z,Thanks for taking the time to share your experience with us!  We‚Äôre glad to hear that we are providing a quality experience for you. Your excellent review made our day! ^RJR,2023-01-27 12:51:22,So easy to use!,"Great app easy to use, making my payments only take a few click of buttons. I get access to everything about my account and equipment.",5,False,ArtisFragile
98,34155469.0,2023-01-08T20:24:18Z,"Thanks for taking the time to share your experience with us! We‚Äôre glad to hear that we are providing a quality experience for you. ^STS
",2023-01-07 00:03:08,Surprisingly good,I was able to pay my bill and enroll in autopay  simultaneously‚Ä¶ and the app offered to screen shot for me me once my payment posted. 10/10 would recommend.,5,False,Dr. Druggist
99,34116811.0,2023-01-05T19:30:45Z,"Thanks for taking the time to share your experience with us! We‚Äôre glad to hear that we are providing a quality experience for you. ^STS
",2023-01-04 15:21:16,Easy to use,This is one of the most efficient apps I‚Äôve used to monitor and pay my balance off monthly. I am not tech savvy and had no problems getting it set up.,5,False,Nicolee19
100,30353466.0,2022-06-14T13:14:59Z,We're sorry to hear about this issue and would love to see how we can help. Please visit https://community.spectrum.net/discussion/169249/troubleshooting-issues-with-the-my-spectrum-app to find answers to common issues or you can post additional feedback or ask a question so we can help you resolve the issue. ,2023-02-23 16:49:01,It‚Äôs OK,"The app is fine for making payments but you can‚Äôt reset the modem any longer from the app. The internet service for spectrum is subpar, constantly going in and out and if you have 5G don‚Äôt use it because it always goes out. I‚Äôm tired of having to update the app every other week.",3,True,Ranrjn
101,,,,2023-02-11 07:48:30,Not Working,"For the past three days I have been trying to log into this App.  No success.  I called customer service and they told me to uninstall and reinstall‚Ä¶.been there, done that.  Then I was told to try to log into the app the following day.  I asked what if it doesn‚Äôt work? I was told that this is all they can offer. I am SO disappointed.  With the money I‚Äôm paying, you can‚Äôt do better than that?",1,False,Miss R Brown
102,,,,2023-01-19 22:03:17,Quality of Spectrum,I truly enjoy my spectrum cable and internet. I never have slow internet and if there is an outage they are quick to fix it. Keep up the good work spectrum.,5,False,Martorano865
103,34143483.0,2023-01-07T11:23:06Z,Thanks for taking the time to share your experience with us!  We‚Äôre glad to hear that we are providing a quality experience for you. Your excellent review made our day! ^RJR,2023-01-05 21:28:51,Better than phoning in the payment,I much prefer this than going through the automated phone calls I used to make. Should‚Äôve done this sooner.,5,False,N.Monty.97
104,35243830.0,2023-03-07T03:47:58Z,Thanks for taking the time to share your experience with us!  We‚Äôre glad to hear that we are providing a quality experience for you. Your excellent review made our day!  -DT,2023-03-05 18:43:58,Spectrum app,"Thank you for making an amazing app. It makes it very easy to use to pay my bill. This is the only app I don‚Äôt stress over as I‚Äôm paying my bills, because the app is a breeze. Pure genius.",5,False,onekikilove
105,,,,2023-01-13 23:56:25,Paying my bill,This was very fast and easy to do I‚Äôm 71 years old and a lot of times things are hard for me to figure out but this was very easy,5,False,gum dorp
106,,,,2023-01-13 19:40:28,Love the app,I‚Äôve been using the app to pay my bill for a while now. I find it more useful than having to call or stand on line at the spectrum store. Very satisfied,5,False,Mike7/19/68
107,,,,2023-01-26 10:54:43,Great to use,I love using the spectrum app it makes paying your bills so easy checking on all your devices that are logged in upgrading your password if needed. I absolutely love the spectrum app.,5,False,One thing I
108,35568050.0,2023-03-24T11:14:15Z,"We are sorry to hear you‚Äôre having issues with the My Spectrum app. Please contact us by private message to provide additional feedback on Facebook (m.me/Spectrum), Twitter (https://twitter.com/ask_spectrum) or on our Community forum https://community.spectrum.net/discussion/169249/troubleshooting-issues-with-the-my-spectrum-app ^RJR",2023-03-23 05:25:33,App issues,"Usually the app is great and convenient, but for the past couple months my app has been having issues. It will not show my cable/internet bill anymore and it also won‚Äôt let me pay my phone bill through the app.",3,False,Cher'ece
109,,,,2023-03-21 16:34:49,One change,The only thing I would change about the app is giving a notification when the bill is due. Besides that I haven‚Äôt experienced any issues,4,False,Ejidgei
110,35528534.0,2023-03-22T14:48:24Z,"I apologize for any poor experience.  For direct support, you can reach us on Twitter https://twitter.com/ask_spectrum or Facebook https://www.facebook.com/Spectrum/ or you can visit our Community page at https://community.spectrum.net/discussions and select ‚ÄúAsk a Question‚Äù to report the issue.  ^JM",2023-03-20 15:30:20,Bad connection,"Just got my service a month ago and within the span of a month, I have had 3 problems of not being able to connect to my wifi. If I‚Äôm on a call, it disconnects for bad service and most people say that when I speak it‚Äôs lagging. They said I will probably get a new box, but they still haven‚Äôt gotten me one yet. 1 star for the 1 bar i get on the wifi data bar üí™",1,False,chuniorrrrr
111,34667435.0,2023-02-03T23:35:41Z,"Thanks for taking the time to share your experience with us!  We‚Äôre glad to hear that we are providing a quality experience for you.
",2023-02-02 16:17:04,Wifi Technician and Customer Service Agent,Customer service Agent was awesome she understood all my concerns and got me the best offer for my home and technician was very friendly and very detail on what he was doing awesome job from spectrum coworkers.,5,False,Santiagomatos
112,34234581.0,2023-01-11T23:16:17Z,"We're sorry to hear you‚Äôre having issues with the My Spectrum app. Please contact us by private message on Facebook (m.me/Spectrum) or on Twitter (https://twitter.com/ask_spectrum). To provide additional feedback on our Community, please visit https://community.spectrum.net/discussion/169249/troubleshooting-issues-with-the-my-spectrum-app ^STS
",2023-01-10 13:30:25,This app is slimy dog water.,"You‚Äôd think a massive internet corporation like spectrum would be able to at least make a decent app that functions when you need it to. 

It‚Äôs exactly how you think it would be. A buggy & deserted mess of an app by this cheap, greedy (and likely PC) gray-brown dog water of a company. 

If I could be serviced a by a different company in my area, I would leave y‚Äôall swinging from a rope without a second thought.",1,False,Baethone
113,35618601.0,2023-03-27T19:15:51Z,"We are happy you are enjoying the My Spectrum App. If you need direct support, want to ask a question or provide additional feedback, please contact us on Facebook (facebook.com/spectrum), Twitter (https://twitter.com/Ask_Spectrum) or visit our customer Community (https://community.spectrum.net).
",2023-03-26 14:12:23,Spectrum App,I have to say this app makes payments so easy and convenient! I also find it very easy to obtain other services and information as well,5,False,Most Hogh
114,35580279.0,2023-03-25T10:31:23Z,Thanks for taking the time to share your experience with us!  We‚Äôre glad to hear that we are providing a quality experience for you. Your excellent review made our day! ^RJR,2023-03-23 18:01:26,üëçüèº,Spectrum Wi-Fi/internet service is good. Customer service is courteous and helpful. I appreciate the outage notifications when our area has them. The app is convenient for payments,5,False,Loves2worship&pray
115,,,,2023-03-11 14:10:32,The tech,Julio was very helpful and pleasant he help me set up my service the internet and helped change the Wi-Fi and password Julio thank you so much for your help. Spectrum should have more employees like Julio. Thank you.,5,False,Jerny Ortiz
116,35314535.0,2023-03-10T12:06:46Z,"We are sorry to hear you‚Äôre having issues with the My Spectrum app. Please contact us by private message to provide additional feedback on Facebook (m.me/Spectrum), Twitter (https://twitter.com/ask_spectrum) or on our Community forum https://community.spectrum.net/discussion/169249/troubleshooting-issues-with-the-my-spectrum-app ^RJR",2023-03-09 02:54:12,Only shows my mobile info.,This app only shows my mobile info and not my tv./ internet info.  How can I fix to see all my accounts,5,False,Mama tu
117,34188161.0,2023-01-09T23:48:34Z,Thanks for taking the time to share your experience with us!  We‚Äôre glad to hear that we are providing a quality experience for you. ^DC,2023-01-08 18:06:56,Customer,"Excellent customer service. 
The technician that came to install my internet and house phone went above and beyond to do his job.   He was very knowledgeable and professional.",5,False,A45678312
118,35609623.0,2023-03-27T11:32:17Z,Thanks for taking the time to share your experience with us!  We‚Äôre glad to hear that we are providing a quality experience for you. Your excellent review made our day! ^RJR,2023-03-26 01:36:09,The convenience of the app,"While watching a movie I just paid my bill, it‚Äôs faster than the mail, and I‚Äôm not going out the door.",5,False,CELove1226
119,,,,2023-03-05 01:58:13,Great services all around,From MCBH Hawaii to MCAS Yuma Arizona! I‚Äôve had nothing but great experiences with these guys. Fast internet speeds ideal for gaming while having multiple connections on the same router. With also great customer service!,5,False,NINJAI_03
120,34783209.0,2023-02-09T23:47:35Z,Thanks for taking the time to share your experience with us!  We‚Äôre glad to hear that we are providing a quality experience for you. ^DC,2023-02-08 18:22:12,Awesome service,Hello! I had issues with hooking up my updated Wi-Fi by using the chat option! My gal did a wonderful job getting my problem solved and was very cheerful doing it!,5,False,Curt Sauer
121,34686442.0,2023-02-05T23:49:12Z,"We are sorry to hear you‚Äôre having issues with the My Spectrum app. Please contact us by private message on Facebook (m.me/Spectrum) or on Twitter (https://twitter.com/ask_spectrum). To provide additional feedback on our Community, please visit https://community.spectrum.net/discussion/169249/troubleshooting-issues-with-the-my-spectrum-app  ",2023-02-04 13:47:54,APP WON‚ÄôT EVEN OPEN!!!!,Just recently got spectrum and downloaded the app so I can make payments.    Apparently the app has been merged with other spectrum services and it won‚Äôt even open anymore!!!    I uninstalled the app twice and reinstalled and it STILL won‚Äôt open!!    I‚Äôm scared to call customer service based on all the other bad reviews saying that customer service is terrible and they won‚Äôt help!!,1,False,Valoweep
122,34672036.0,2023-02-04T11:33:48Z,"We are sorry to hear you‚Äôre having issues with the My Spectrum app. Please contact us by private message to provide additional feedback on Facebook (m.me/Spectrum), Twitter (https://twitter.com/ask_spectrum) or on our Community forum https://community.spectrum.net/discussion/169249/troubleshooting-issues-with-the-my-spectrum-app ^RJR",2023-02-02 22:25:02,App issue,"I can‚Äôt see the amount I need to pay in the app and I have to go to the website. I also can manage my devices in the app, the option doesn‚Äôt appear in the services tap in the My spectrum app",4,False,ken01mx
123,,,,2023-02-06 10:22:45,Coverage,"With the way things are now days, everyone uses everyone‚Äôs towers. Apparently Spectrum doesn‚Äôt use all the towers like the other carriers. Maybe it‚Äôs pride, maybe they don‚Äôt know they can, maybe they don‚Äôt realize Cricket had better cell phone coverage than they do? Maybe they don‚Äôt care; I hope that‚Äôs not the case.",2,False,theiradminsuck
124,34676584.0,2023-02-04T23:33:20Z,"We are sorry to hear we didn‚Äôt meet your expectations and apologize for any poor experience. If you need direct support, want to ask a question or provide additional feedback, please contact us on Facebook (facebook.com/spectrum), Twitter (https://twitter.com/Ask_Spectrum) or visit our customer Community (https://community.spectrum.net).
",2023-02-05 07:42:09,Thank you,I was lied to by your customer service rep. Switch my mobile service over. She went into my internet in change my account like I were a new customer been with Spectrum for a year than I was told the mobile service free for a year was for new customers only. All of this just to make a sell,2,True,libralady1022
125,34399934.0,2023-01-20T13:22:25Z,We're sorry to hear about this issue and would love to see how we can help. Please visit https://community.spectrum.net/discussion/169249/troubleshooting-issues-with-the-my-spectrum-app to find answers to common issues or you can post additional feedback or ask a question so we can help you resolve the issue. ,2023-01-19 03:32:29,Detail billing,How come I can‚Äôt see my details on my text and call logs on my bill I have a 13 year old and I like to keep a check on who he text and calls and it says you can but on the app it won‚Äôt let me look at it I had Verizon but I swapped to y‚Äôall thinking that y‚Äôall had this available thank you browns family,2,False,thx go bfbb
126,,,,2023-03-04 16:45:35,It‚Äôs great!,I love how spectrum sends you an email before your payment is due- just in case you forget. The whole online paying is so fast and easy.,5,False,Kimberly_Sandoval
127,,,,2023-02-04 03:04:53,Price increases,This app is great. The biggest feature is that you are able to see when they decide to increase the prices,5,False,QDS111118229
128,34173288.0,2023-01-09T11:32:59Z,Thanks for taking the time to share your experience with us!  We‚Äôre glad to hear that we are providing a quality experience for you. Your excellent review made our day! ^RJR,2023-01-07 22:48:00,Everything worked,!,5,False,Inkline
129,34525937.0,2023-01-27T23:34:17Z,"Thanks for taking the time to share your experience with us!  We‚Äôre glad to hear that we are providing a quality experience for you.
",2023-01-26 17:45:52,Bill Paying,Very convenient for checking your balance and  paying your bill.,5,False,1257moveitorloseit
130,,,,2023-01-11 15:07:13,Easy to use,Made a payment in less than two minutes.,5,False,Grampa north
131,35580268.0,2023-03-25T10:30:02Z,Thanks for taking the time to share your experience with us!  We‚Äôre glad to hear that we are providing a quality experience for you. Your excellent review made our day! ^RJR,2023-03-23 21:53:30,Best Internet Service,"We have used several internet/phone/tv services, and Spectrum has been the best by far. The price, service and reliability has been the best.",5,False,PCRB73
132,35490521.0,2023-03-20T19:52:31Z,Thanks for taking the time to share your experience with us!  We‚Äôre glad to hear that we are providing a quality experience for you. Your excellent review made our day!  -DT,2023-03-19 16:50:39,Not bad,Allows me to stay on top of my payments and enroll in auto pay plus a few other features. Works well.,5,False,Connoristic_
133,34804048.0,2023-02-11T00:32:59Z,"Thanks for taking the time to share your experience with us!  We‚Äôre glad to hear that we are providing a quality experience for you.
",2023-02-09 14:31:12,Great service!,Have come a long way from where you once began ! Service n staff always nice and smart! They all have great common sense and know their jobs well!,5,False,bereal2
134,35567583.0,2023-03-24T10:49:26Z,Thanks for taking the time to share your experience with us!  We‚Äôre glad to hear that we are providing a quality experience for you. Your excellent review made our day! ^RJR,2023-03-22 20:14:56,Internet slow speed issue fixed before scheduled time,Farahmand is excellent guy and pretty much expertise in his field like fining up the issues.,5,False,Sidd657
135,,,,2023-03-18 03:20:24,Convenient,It‚Äôs convenient when you walk into the store and the wait list is long. I‚Äôm aware of the kiosk in store but the app is a lot quicker,5,False,Nostik85
136,,,,2023-03-08 16:08:30,Easy and convenient,It‚Äôs nice to have an app where you can pay for internet bill. Very straightforward and easy to use.,5,False,Reignir
137,,,,2023-03-04 07:09:58,So far better experience,"I don‚Äôt know what gonna be in the future, but right know it‚Äôs good experience. Specially customer service people.",5,False,Farahim
138,,,,2023-01-04 10:26:41,Convenient,I love this app. It is easy to navigate and saves me time from having to call or wait in line to pay my bill.,5,False,Kcdish
139,35597229.0,2023-03-27T04:18:09Z,"We are sorry to hear you‚Äôre having issues with the My Spectrum app. Please contact us by private message on Facebook (m.me/Spectrum) or on Twitter (https://twitter.com/ask_spectrum). To provide additional feedback on our Community, please visit https://community.spectrum.net/discussion/169249/troubleshooting-issues-with-the-my-spectrum-app  -DT",2023-03-25 21:46:40,Worst Bill Manager App,"I can never pay my bill on the app. This has been going on for over a year, i always end up having to log into a computer. I always have the latest phone and up to date software so it‚Äôs not my phone. When i click the billing section the screen always shows up blank. Totally useless.",1,False,ukqbafhh
140,35370252.0,2023-03-14T04:02:44Z,Thanks for taking the time to share your experience with us!  We‚Äôre glad to hear that we are providing a quality experience for you. Your excellent review made our day!  ,2023-03-12 21:13:49,Love the app,I like how it saves my information and makes payment of my bill quick and easy.,5,False,Leebbo23
141,,,,2023-03-17 15:22:05,The app on Apple TV is buggy,"The app on Apple TV has me wanting to look for a different streaming platform. When watching a recorded show and trying to fast forward through the advertisements, at a certain point the recording keeps jumping back to the beginning of the show.",2,False,Hannahs daddy
142,,,,2023-01-30 01:49:35,Good service!!!,"It‚Äôs a very good service but sometimes my internet shuts off when I play and stream, still like it though!!",5,False,MaConstantine
143,,,,2023-01-24 06:23:38,Would be perfect if PayPal were a payment option,Would be perfect if PayPal were a payment option,5,False,Kermie's Green Legs
144,34466578.0,2023-01-24T23:32:03Z,"Thanks for taking the time to share your experience with us! We‚Äôre glad to hear that we are providing a quality experience for you. ^STS
",2023-01-23 18:34:33,My service,Everything so far is really great. It‚Äôs easy to use the spectrum app and to get help and even pay my bill. Thank you,5,False,gc-xxx
145,34143488.0,2023-01-07T11:23:59Z,Thanks for taking the time to share your experience with us!  We‚Äôre glad to hear that we are providing a quality experience for you. Your excellent review made our day! ^RJR,2023-01-05 21:41:03,.,"It‚Äôs quick and easy, no hassle or having trouble with automotive system or the extra charge of talking to a representative.",5,False,Sinsterone999
