author,title,review,original_title,original_review,stars,iso,version,date,deleted,has_response,product,product_id,product_name,vendor_id,store,weight,id,tags,predicted_langs
Glasses On,The easiest and most convenient app,"It often happens that apps won‚Äôt allow you to do everything you need, but Spectrum is the exception.  Love it!",The easiest and most convenient app,"It often happens that apps won‚Äôt allow you to do everything you need, but Spectrum is the exception.  Love it!",5.00,US,11.12,2023-07-04T01:00:56,False,False,40423315838,40423315838,"My Spectrum",942608209,apple,2,40423315838LdjV7ZneIUcAK1U-vHzQVCw,app_performance,en
itsZETIMEtoPARTY!!!!!!!!!!!,The worst service,"I would avoid spectrum at all costs. They couldn‚Äôt even keep the internet working. Random outages during the day with no explanation. Impossible to work from home and not miss important meetings. All they told me is ‚Äúthey‚Äôre upgrading equipment for summer, you can go work at one of the places with a spectrum hotspot.‚Äù No way. Not a solution. After three times in one week I switched to ATT fiber and have not had a single issue in months. Also, spectrum will raise your bill, or try to bundle you with a bunch of crap you don‚Äôt need every year. I hate this company and hope goes down like the dumpster fire it truly is. :)",The worst service,"I would avoid spectrum at all costs. They couldn‚Äôt even keep the internet working. Random outages during the day with no explanation. Impossible to work from home and not miss important meetings. All they told me is ‚Äúthey‚Äôre upgrading equipment for summer, you can go work at one of the places with a spectrum hotspot.‚Äù No way. Not a solution. After three times in one week I switched to ATT fiber and have not had a single issue in months. Also, spectrum will raise your bill, or try to bundle you with a bunch of crap you don‚Äôt need every year. I hate this company and hope goes down like the dumpster fire it truly is. :)",1.00,US,11.12,2023-07-03T23:52:00,False,False,40423315838,40423315838,"My Spectrum",942608209,apple,2,40423315838LZo8rGq4feCruHMoTc5R9cQ,"gameplay;app_performance",en
$harky1414,Keeps logging me out,Everytime I get on the app I'm always logged out. Annoying having to constantly log in everytime I want to pay my bill. I forget the username and password I use for this app because it's not something I pay everyday. I have to reset my password everytime I want to check my next due date or pay my bill.,Keeps logging me out,Everytime I get on the app I'm always logged out. Annoying having to constantly log in everytime I want to pay my bill. I forget the username and password I use for this app because it's not something I pay everyday. I have to reset my password everytime I want to check my next due date or pay my bill.,1.00,US,11.12,2023-07-03T19:43:40,False,False,40423315838,40423315838,"My Spectrum",942608209,apple,2,40423315838LMLLcleeY-qx-qn03yGgwmA,"pricing;app_performance",en
cowboysfan69812,So far so good,Only been using it for a few minutes but so far so guess,So far so good,Only been using it for a few minutes but so far so guess,5.00,US,11.12,2023-07-03T18:49:15,False,False,40423315838,40423315838,"My Spectrum",942608209,apple,2,40423315838LqG61CavwlfF456eY79Ib8Q,"pricing;gameplay",en
Gail Timm,Internet,"This is so easy. I don‚Äôt wanna have to fight traffic. I don‚Äôt have to find a place to park. Thank you Spectrum this is great thank you Gail Timm bye bye-bye
Bye",Internet,"This is so easy. I don‚Äôt wanna have to fight traffic. I don‚Äôt have to find a place to park. Thank you Spectrum this is great thank you Gail Timm bye bye-bye
Bye",5.00,US,11.12,2023-07-03T16:58:18,False,False,40423315838,40423315838,"My Spectrum",942608209,apple,2,40423315838LmfJ5Xs6qvowof6UrBL-U6g,gameplay,en
Odinsmom65,Spectrum,You all are awesome!!!!,Spectrum,You all are awesome!!!!,5.00,US,11.12,2023-07-03T15:23:58,False,False,40423315838,40423315838,"My Spectrum",942608209,apple,2,40423315838LAVyptZrK9nreTC7tZGjwRg,gameplay,"en;lb"
ArakiForgot,Good,"Good app, let pay bill tank",Good,"Good app, let pay bill tank",4.00,US,11.12,2023-07-03T05:05:26,False,False,40423315838,40423315838,"My Spectrum",942608209,apple,2,40423315838LOGHqk22YbuJ3omBObSOlzQ,pricing,"br;ceb;en;sv;tl"
PrincessKDoll,Best Utility app by far!!!,Im sayin this actually makes technology seem good,Best Utility app by far!!!,Im sayin this actually makes technology seem good,5.00,US,11.12,2023-07-03T04:41:11,False,False,40423315838,40423315838,"My Spectrum",942608209,apple,2,40423315838LLDobb24bU9GmJNc4x-b0hg,gameplay,en
Alien to A Computer,Apple service for a payment made to Spectrum.com,Of this service subjected on the title was easy smooth. ESP is simple for  an one with less experiences in application on a practice of a computer.,Apple service for a payment made to Spectrum.com,Of this service subjected on the title was easy smooth. ESP is simple for  an one with less experiences in application on a practice of a computer.,5.00,US,11.12,2023-07-03T04:32:01,False,False,40423315838,40423315838,"My Spectrum",942608209,apple,2,40423315838L6gbwX_vwtIX5-hSTUTVIPQ,"pricing;gameplay",en
Pepper Daneswood,Router Setup,"Give Heidi customer service rep, who helped me today a raise. She was professional, patient, and extremely kind.",Router Setup,"Give Heidi customer service rep, who helped me today a raise. She was professional, patient, and extremely kind.",4.00,US,11.12,2023-07-02T21:40:29,False,False,40423315838,40423315838,"My Spectrum",942608209,apple,2,40423315838L67dTize7jht2VWqT880wTA,"pricing;gameplay",en
Neetocheeto,Slow,It‚Äôs beeen over a week the internet has been slow.,Slow,It‚Äôs beeen over a week the internet has been slow.,3.00,US,11.12,2023-07-02T19:30:17,False,False,40423315838,40423315838,"My Spectrum",942608209,apple,2,40423315838LnxcstR8vuLAb9O8Zlyi5cA,"gameplay;app_performance","en;nl"
Junk345.ln,Unreliable,"This service has been completely unreliable since day one. Every few weeks my internet goes out. Recently, I've been out of service for 3 days. No one at Spectrum can tell me when my service will come back. I rely heavily on this service because I work from home. Do not get spectrum",Unreliable,"This service has been completely unreliable since day one. Every few weeks my internet goes out. Recently, I've been out of service for 3 days. No one at Spectrum can tell me when my service will come back. I rely heavily on this service because I work from home. Do not get spectrum",1.00,US,11.12,2023-07-02T17:52:12,False,False,40423315838,40423315838,"My Spectrum",942608209,apple,2,40423315838LqvcYNrFmRp9LnnaOg0iCCQ,"pricing;app_performance",en
Spectrum user 2011,TV package,"It‚Äôs expensive; I tried to get a package with lower price than $50 but the representatives couldn‚Äôt find me one.",TV package,"It‚Äôs expensive; I tried to get a package with lower price than $50 but the representatives couldn‚Äôt find me one.",2.00,US,11.12,2023-07-02T17:29:24,False,False,40423315838,40423315838,"My Spectrum",942608209,apple,2,40423315838LikNaIxhdTwdHuCuQbRiEqw,pricing,en
tictokerjuanvalle,Un perfecto servicio se los recomiendo,Tiene todo lo que nesecitas,Un perfecto servicio se los recomiendo,Tiene todo lo que nesecitas,5.00,US,11.12,2023-07-02T16:08:04,False,False,40423315838,40423315838,"My Spectrum",942608209,apple,2,40423315838Lh_HegZC1ZU4Kz_TDarjDuw,,"es;gl"
Chocolate855,Internet service,"I‚Äôve had spectrum for  about a year and a half, my fianc√© works from home so we have the fast speed that‚Äôs available. We‚Äôve had zero issues. Price is a little high but prices are high every where.",Internet service,"I‚Äôve had spectrum for  about a year and a half, my fianc√© works from home so we have the fast speed that‚Äôs available. We‚Äôve had zero issues. Price is a little high but prices are high every where.",5.00,US,11.12,2023-07-02T10:29:32,False,False,40423315838,40423315838,"My Spectrum",942608209,apple,2,40423315838LHRMc0pdAbi_nvfDSIB7XYw,pricing,en
Lill4u,Outages,Had the service 2 weeks and experienced 2 outages over 24 hrs,Outages,Had the service 2 weeks and experienced 2 outages over 24 hrs,2.00,US,11.12,2023-07-01T00:13:35,False,False,40423315838,40423315838,"My Spectrum",942608209,apple,2,40423315838LVe3iHmp4tnNDuUz97v6lrg,app_performance,en
BestPalForever,Spectrum Review,"The the of programs and movies to watch is impressive. When I need service, it is handled in timely fashion and done well!",Spectrum Review,"The the of programs and movies to watch is impressive. When I need service, it is handled in timely fashion and done well!",5.00,US,11.12,2023-06-30T19:54:36,False,False,40423315838,40423315838,"My Spectrum",942608209,apple,2,40423315838L1KrBClM8HFNMWTGYa0E5hQ,gameplay,en
BlackSheepskater,Pay bills,Simple to use.,Pay bills,Simple to use.,5.00,US,11.12,2023-06-30T14:54:31,False,False,40423315838,40423315838,"My Spectrum",942608209,apple,2,40423315838LNce4eJ7tRDxvPfwN0B8eXw,,"en;an;tl"
Josanni B,Terrible Service. Choose a different provider if you have the option,"I‚Äôve had spectrum for about two years now, as that is the only provider available at my apartment complex. I STILL have not had a full day of my internet working. When it does ‚Äúwork‚Äù it‚Äôs either slow as molasses, or will just disconnect from everything and reconnect ALL ON ITS OWN in about 5 minutes, which I‚Äôd argue is worse than it just not working at all. When I go to my mothers house on the other side of town, the Internet won‚Äôt reach any room that is not the living room (where the router and modem are). They have had dozens of techs come out and even upgraded their package for stronger internet that works even WORSE than the cheaper option. If I could give negative stars I really would. Don‚Äôt bother calling spectrum unless you want the run around or be told ‚Äúmove somewhere else so you can get better reception‚Äù. All the tech did was look at things we already looked at and told us things WE TOLD THEM. Really, really bad service.",Terrible Service. Choose a different provider if you have the option,"I‚Äôve had spectrum for about two years now, as that is the only provider available at my apartment complex. I STILL have not had a full day of my internet working. When it does ‚Äúwork‚Äù it‚Äôs either slow as molasses, or will just disconnect from everything and reconnect ALL ON ITS OWN in about 5 minutes, which I‚Äôd argue is worse than it just not working at all. When I go to my mothers house on the other side of town, the Internet won‚Äôt reach any room that is not the living room (where the router and modem are). They have had dozens of techs come out and even upgraded their package for stronger internet that works even WORSE than the cheaper option. If I could give negative stars I really would. Don‚Äôt bother calling spectrum unless you want the run around or be told ‚Äúmove somewhere else so you can get better reception‚Äù. All the tech did was look at things we already looked at and told us things WE TOLD THEM. Really, really bad service.",1.00,US,11.12,2023-06-30T14:36:50,False,False,40423315838,40423315838,"My Spectrum",942608209,apple,2,40423315838L6wSIEIsPnlGxhQf5WNbZIw,"gameplay;app_performance",en
masterofvideogames,Update Broke The App,"After spending about an hour troubleshooting the app, I can‚Äôt even get it to open properly. Stuck on an infinite login loop. I only have this app to make paying bills easier but honestly this is anything but.",Update Broke The App,"After spending about an hour troubleshooting the app, I can‚Äôt even get it to open properly. Stuck on an infinite login loop. I only have this app to make paying bills easier but honestly this is anything but.",1.00,US,11.12,2023-06-30T13:56:10,False,False,40423315838,40423315838,"My Spectrum",942608209,apple,2,40423315838LRGxkAjwI4LQcHRt-ZsaZ_A,"pricing;app_performance",en
el marvinchelo,very good,very good,very good,very good,5.00,US,11.12,2023-06-30T11:33:34,False,False,40423315838,40423315838,"My Spectrum",942608209,apple,2,40423315838L_EyQ13ZFrKraVk_B3YvJdA,,"en;af;nl"
EzioAuditore69,Just loads,Would give it a 5 star rating if it worked . Now it takes about 5 hours of trying to get it to open and all it says is try again over and over and over and over . Used to work without any problems but the last few months .it doesn‚Äôt work good . Fix whatever is keeping it just loading over and over then it will get a 5 star rating .,Just loads,Would give it a 5 star rating if it worked . Now it takes about 5 hours of trying to get it to open and all it says is try again over and over and over and over . Used to work without any problems but the last few months .it doesn‚Äôt work good . Fix whatever is keeping it just loading over and over then it will get a 5 star rating .,4.00,US,11.12,2023-06-30T10:14:39,False,False,40423315838,40423315838,"My Spectrum",942608209,apple,2,40423315838LlDGpwyFxg-HbYzn67r0J8w,app_performance,en
ninja read,Thank you for awesome service,I love it im not gonna switch for nothing,Thank you for awesome service,I love it im not gonna switch for nothing,5.00,US,11.12,2023-06-30T06:59:20,False,False,40423315838,40423315838,"My Spectrum",942608209,apple,2,40423315838LCR1_Aq2MzSbALfMAvzaObQ,,en
San Diego 1,Unable to configure WiFi,Does not give me access to configure WiFi on SACV25 despite instructions on back of device. Better if using my own WiFi router.,Unable to configure WiFi,Does not give me access to configure WiFi on SACV25 despite instructions on back of device. Better if using my own WiFi router.,1.00,US,11.12,2023-06-30T04:50:05,False,False,40423315838,40423315838,"My Spectrum",942608209,apple,2,40423315838LXoxPcVX2Zq5Y6oND7CIYRA,app_performance,"en;fr"
blind trust report,App failure to function,"This review is by 
(Stock, Opinions, and Reviews)
HMDLOL Blog by Clint D Hocker
App failure to function: App will not allow me to login even though I know my password. The outage reset my username and password, which should‚Äôve been saved under my account profile. The Spotty server goes down more frequently, questioning spectrum reliability. 
One good, it allows you to nickname devices and place them in groups. Blocking anyone unknown‚Ä¶",App failure to function,"This review is by 
(Stock, Opinions, and Reviews)
HMDLOL Blog by Clint D Hocker
App failure to function: App will not allow me to login even though I know my password. The outage reset my username and password, which should‚Äôve been saved under my account profile. The Spotty server goes down more frequently, questioning spectrum reliability. 
One good, it allows you to nickname devices and place them in groups. Blocking anyone unknown‚Ä¶",2.00,US,11.12,2023-06-30T04:23:09,False,False,40423315838,40423315838,"My Spectrum",942608209,apple,2,40423315838LC3BHXmNrwI4lndHDtRytdA,gameplay,en
jesusramens,Servicio spectrum,Siempre contento con el servicio,Servicio spectrum,Siempre contento con el servicio,5.00,US,11.12,2023-06-29T21:18:16,False,False,40423315838,40423315838,"My Spectrum",942608209,apple,2,40423315838LU6o4OZMeAGgWDb3AvE0xdw,,"es;gl;it;pt;ca"
teetee68,So far so good,I‚Äôve only used app a bit but so far it‚Äôs easy to navigate & has information I‚Äôm looking for.,So far so good,I‚Äôve only used app a bit but so far it‚Äôs easy to navigate & has information I‚Äôm looking for.,4.00,US,11.12,2023-06-29T20:25:12,False,False,40423315838,40423315838,"My Spectrum",942608209,apple,2,40423315838LVdofBf_fgFyGpx_b1hxgfA,"pricing;gameplay",en
Slim Rider,Spectrum App,Very easy and user friendly to use!!!,Spectrum App,Very easy and user friendly to use!!!,5.00,US,11.12,2023-06-29T16:04:30,False,False,40423315838,40423315838,"My Spectrum",942608209,apple,2,40423315838LrkK26Mlb-yptaF5I8IPStA,gameplay,en
Norma Q,First Use,"Very easy to set up and make my first payment using this app.
I would give this app a five star, but the first time I went to use it the system was down.",First Use,"Very easy to set up and make my first payment using this app.
I would give this app a five star, but the first time I went to use it the system was down.",4.00,US,11.12,2023-06-29T14:18:57,False,False,40423315838,40423315838,"My Spectrum",942608209,apple,2,40423315838L7eNW7Yhf6YYZcizwAWqOEA,"pricing;gameplay",en
Nhctdgfhfsd,Get what you need and delete it,"In 6 hours, while I was sleeping, this app drained my battery from fully charged to 4%. No thank you.",Get what you need and delete it,"In 6 hours, while I was sleeping, this app drained my battery from fully charged to 4%. No thank you.",1.00,US,11.12,2023-06-29T11:42:09,False,False,40423315838,40423315838,"My Spectrum",942608209,apple,2,40423315838L-ikimTQKXk76RA2QmPVYqA,other,en
KTap37,Who‚Äôs controlling this App???,I can‚Äôt find any of my devices on the app. Then they mysteriously show up all disconnected. Then disappear again. All of my devices were disconnected from wifi and my router and modem are showing connected. I gave this app 2 stars because at least I can see my statements.,Who‚Äôs controlling this App???,I can‚Äôt find any of my devices on the app. Then they mysteriously show up all disconnected. Then disappear again. All of my devices were disconnected from wifi and my router and modem are showing connected. I gave this app 2 stars because at least I can see my statements.,2.00,US,11.12,2023-06-29T03:43:56,False,False,40423315838,40423315838,"My Spectrum",942608209,apple,2,40423315838Ldk9fraOtoDin1oZ78OQIhg,"pricing;app_performance",en
MikeC269,Thieves,"They keep adding service onto my account nobody asked for, has to be illegal.",Thieves,"They keep adding service onto my account nobody asked for, has to be illegal.",1.00,US,11.12,2023-06-29T03:09:21,False,False,40423315838,40423315838,"My Spectrum",942608209,apple,2,40423315838LXdzPR9liPNAPb0dCuBcIIw,"pricing;gameplay",en
Drew4800,Spectrum,Constant phone calls back to back when bills due I get it‚Äôs due I‚Äôll pay it when I‚Äôm off work,Spectrum,Constant phone calls back to back when bills due I get it‚Äôs due I‚Äôll pay it when I‚Äôm off work,3.00,US,11.12,2023-06-28T20:43:07,False,False,40423315838,40423315838,"My Spectrum",942608209,apple,2,40423315838L4XHXcOpI1smuEeJmNB7EfQ,"pricing;app_performance",en
dclatk,Spectrum Experience,I have to give big kiddos to Spectrum The salesman and installer was top notch Very knowledgeable about everything. Nice guys I am so excited I‚Äôll be saving so much money. My service so far has not had any problems. The help desk when I called we‚Äôre very helpful.,Spectrum Experience,I have to give big kiddos to Spectrum The salesman and installer was top notch Very knowledgeable about everything. Nice guys I am so excited I‚Äôll be saving so much money. My service so far has not had any problems. The help desk when I called we‚Äôre very helpful.,5.00,US,11.12,2023-06-28T20:05:53,False,False,40423315838,40423315838,"My Spectrum",942608209,apple,2,40423315838LBfR9NIC3tc_cdvWPnekXQw,"pricing;gameplay;app_performance",en
MARTINESKIVE,Se cae muy constantemente el internet,Es muy inestable,Se cae muy constantemente el internet,Es muy inestable,2.00,US,11.11,2023-06-28T06:33:17,False,False,40423315838,40423315838,"My Spectrum",942608209,apple,2,40423315838LFXnz3b_7-RgKI2qQggsMsA,,"es;ca;fr;gl;la"
Viclynndaw,Can upgrade all u want but can‚Äôt downgrade,U can upgrade easily on the app but spectrum makes it difficult to discontinue any of your services from the app and by phone.,Can upgrade all u want but can‚Äôt downgrade,U can upgrade easily on the app but spectrum makes it difficult to discontinue any of your services from the app and by phone.,3.00,US,11.11,2023-06-28T02:50:40,False,False,40423315838,40423315838,"My Spectrum",942608209,apple,2,40423315838LD0WJUWNmei1BUA1mVuaWzw,gameplay,en
Bay Ridge Internet,Torture Loop,Opened app and clicked on ‚Äúre-set‚Äù the modem.  The app informs me that I can do this by downloading the app.  But wait‚ÄîI‚Äôm already IN the app!  Why would the app tell me to download the app to do something?  Skynet torture?,Torture Loop,Opened app and clicked on ‚Äúre-set‚Äù the modem.  The app informs me that I can do this by downloading the app.  But wait‚ÄîI‚Äôm already IN the app!  Why would the app tell me to download the app to do something?  Skynet torture?,2.00,US,11.11,2023-06-28T02:20:09,False,False,40423315838,40423315838,"My Spectrum",942608209,apple,2,40423315838LflPT_5vX1rpzlg7-n2oP6Q,app_performance,en
Jameshjdjdjdjnzn,App doesn‚Äôt load.,Just a white screen when starting the app. Now tell me how sorry you are and direct me to social media instead of fixing app.,App doesn‚Äôt load.,Just a white screen when starting the app. Now tell me how sorry you are and direct me to social media instead of fixing app.,1.00,US,11.11,2023-06-28T01:53:21,False,False,40423315838,40423315838,"My Spectrum",942608209,apple,2,40423315838LjEnvZc2Lm7Bwzu8fhbYmDA,gameplay,en
hershey0606,App not working,"App hasn‚Äôt been working for about a week on iPad. I have restarted , deleted, turned office device.üò¢",App not working,"App hasn‚Äôt been working for about a week on iPad. I have restarted , deleted, turned office device.üò¢",3.00,US,11.11,2023-06-27T20:30:10,False,False,40423315838,40423315838,"My Spectrum",942608209,apple,2,40423315838L9QeQVUAqjT03EdrBGp7vrw,app_performance,en
Mad1881,Spectrum is terrible,I hate spectrum,Spectrum is terrible,I hate spectrum,1.00,US,11.11,2023-06-27T18:26:32,False,False,40423315838,40423315838,"My Spectrum",942608209,apple,2,40423315838L7VWgAbgsZc93YY_SQbeHdA,,"en;la;ca;es;gl"
Jkw10699,EASY!,App Made my payments 100xs easier.,EASY!,App Made my payments 100xs easier.,5.00,US,11.11,2023-06-27T17:44:13,False,False,40423315838,40423315838,"My Spectrum",942608209,apple,2,40423315838L7ntWExVJv9qZfVWGdXoUBg,"gameplay;app_performance","en;fr;an;oc;af"
Vestith,Great internet speed & price,Spectrum internet is great & covers over 4 T.Vs within my home and multiple tablets!!!!! The price is amazing also!!!!!,Great internet speed & price,Spectrum internet is great & covers over 4 T.Vs within my home and multiple tablets!!!!! The price is amazing also!!!!!,5.00,US,11.11,2023-06-27T16:19:51,False,False,40423315838,40423315838,"My Spectrum",942608209,apple,2,40423315838LoymvQNiqCd1GgSLA-Klatw,"pricing;gameplay;app_performance",en
Abdou @,Billing  scam,"Guys, be careful because if you don't set your billing payment to auto pay, they'll always overcharge you before your billing due and they will always Try to confuse you when you call them. Very 
Bad customer serviceüëé",Billing  scam,"Guys, be careful because if you don't set your billing payment to auto pay, they'll always overcharge you before your billing due and they will always Try to confuse you when you call them. Very 
Bad customer serviceüëé",1.00,US,11.11,2023-06-27T13:23:16,False,False,40423315838,40423315838,"My Spectrum",942608209,apple,2,40423315838LaE0SpLpCN6Z64nh9r-DX7Q,pricing,en
beachtrax,Bad app,The My Spectrum app is not working on my iPhone or my Samsung phone since the ‚Äúupdate‚Äù. I‚Äôve tried all the ‚Äúfixes‚Äù.,Bad app,The My Spectrum app is not working on my iPhone or my Samsung phone since the ‚Äúupdate‚Äù. I‚Äôve tried all the ‚Äúfixes‚Äù.,1.00,US,11.11,2023-06-27T12:29:50,False,False,40423315838,40423315838,"My Spectrum",942608209,apple,2,40423315838LBAOWvkwTUUu3EV1iD0cSqw,app_performance,en
cmjack,Everything you need from your provider,"This app has all the features and information you might need from your provider such as troubleshooting, service alerts and billing so there is no need to call for service.",Everything you need from your provider,"This app has all the features and information you might need from your provider such as troubleshooting, service alerts and billing so there is no need to call for service.",4.00,US,11.11,2023-06-27T11:44:07,False,False,40423315838,40423315838,"My Spectrum",942608209,apple,2,40423315838LEc8q7_P0wY7vEyahMt6SaA,"gameplay;app_performance",en
vgdssjn,I‚Äôm just going home,The new one,I‚Äôm just going home,The new one,5.00,US,11.11,2023-06-27T02:27:12,False,False,40423315838,40423315838,"My Spectrum",942608209,apple,2,40423315838LKRtrCIS8Z8KXzhyFCC0jFQ,,en
Linda üò¢,I love this app!,"Having this app makes reviewing and paying my bill so much easier. It also makes reporting an outages a breeze. , No more having to sit on hold and wait for Customer Service. ü•≥",I love this app!,"Having this app makes reviewing and paying my bill so much easier. It also makes reporting an outages a breeze. , No more having to sit on hold and wait for Customer Service. ü•≥",5.00,US,11.11,2023-06-27T00:22:13,False,False,40423315838,40423315838,"My Spectrum",942608209,apple,2,40423315838L5ZYUjmHetnZSKbTvrNAQ5g,other,en
Tech help great,Tech support,Tech support was great. Trevor was fantastic,Tech support,Tech support was great. Trevor was fantastic,5.00,US,11.11,2023-06-26T21:49:57,False,False,40423315838,40423315838,"My Spectrum",942608209,apple,2,40423315838Lsy0t8BxiuAflrtPPt1DXAA,"pricing;gameplay",en
The Dinkleberg,Wi-Fi is slow.,I definitely don‚Äôt have the connection speeds I‚Äôm supposed to have. That‚Äôs pretty much it though.,Wi-Fi is slow.,I definitely don‚Äôt have the connection speeds I‚Äôm supposed to have. That‚Äôs pretty much it though.,4.00,US,11.11,2023-06-26T21:27:58,False,False,40423315838,40423315838,"My Spectrum",942608209,apple,2,40423315838LeGPOqeIRUwITZPVUMIm0NA,app_performance,en
TipShantell,Worse app ever,Stupid app applied my mobile spectrum bill to my internet and tv side. After I had previously clicked on it multiple times and taken screenshots of the payment for mobile then while on customers the app still switching to my internet and tv side even when I selected mobile fix this stupid glitch,Worse app ever,Stupid app applied my mobile spectrum bill to my internet and tv side. After I had previously clicked on it multiple times and taken screenshots of the payment for mobile then while on customers the app still switching to my internet and tv side even when I selected mobile fix this stupid glitch,1.00,US,11.11,2023-06-26T20:47:30,False,False,40423315838,40423315838,"My Spectrum",942608209,apple,2,40423315838LtVl1s9FY2x9KKgoqQOZiJA,app_performance,en
Kendraü§´,One-Click Away,"In my opinion, one of the best thing about this app is that it‚Äôs so convenient for your everyday cable, internet, or phone services. You are always connected to your services. One thing, I dislike is that the app my delay on notifying customers of outages.",One-Click Away,"In my opinion, one of the best thing about this app is that it‚Äôs so convenient for your everyday cable, internet, or phone services. You are always connected to your services. One thing, I dislike is that the app my delay on notifying customers of outages.",4.00,US,11.11,2023-06-26T19:39:55,False,False,40423315838,40423315838,"My Spectrum",942608209,apple,2,40423315838L13Kvr43oEMgtqbXxomN5jA,app_performance,en
loveetara1234568,Awesome,Love the app ! especially because you can make automatic payments when your account is due,Awesome,Love the app ! especially because you can make automatic payments when your account is due,5.00,US,11.11,2023-06-26T10:04:09,False,False,40423315838,40423315838,"My Spectrum",942608209,apple,2,40423315838L3i3GEMQ7feOb2tn3cH_iow,"gameplay;app_performance",en
hahabest,Not working,This app hasn‚Äôt worked for several weeks.,Not working,This app hasn‚Äôt worked for several weeks.,1.00,US,11.11,2023-06-26T02:19:31,False,False,40423315838,40423315838,"My Spectrum",942608209,apple,2,40423315838LZeuANT6JOamHRY7BDk28ZA,,"en;af"
JD5662,Payments,"As long as I can pay through my checking account that would make it better. Would not put on automatic payment because I get paid at different times. This time I didn‚Äôt know I was past due. Usually I‚Äôm good at paying my bills on time.
Thanks",Payments,"As long as I can pay through my checking account that would make it better. Would not put on automatic payment because I get paid at different times. This time I didn‚Äôt know I was past due. Usually I‚Äôm good at paying my bills on time.
Thanks",5.00,US,11.11,2023-06-26T02:08:40,False,False,40423315838,40423315838,"My Spectrum",942608209,apple,2,40423315838LQy5KThljn8fbrs_GvqGFNA,,en
Whassup1,Payment website,"Your my spectrum website is awesome-clear,concise, extremely easy to navigate. Four seconds, and my bill is paid.Thank you!",Payment website,"Your my spectrum website is awesome-clear,concise, extremely easy to navigate. Four seconds, and my bill is paid.Thank you!",5.00,US,11.11,2023-06-26T01:43:00,False,False,40423315838,40423315838,"My Spectrum",942608209,apple,2,40423315838LCfuGlxRoIoGXyQ2ZBfbljw,,en
Cloud9üíã,Payment easy,Easy to pay your cable bill on your phone,Payment easy,Easy to pay your cable bill on your phone,5.00,US,11.11,2023-06-25T18:43:15,False,False,40423315838,40423315838,"My Spectrum",942608209,apple,2,40423315838Lm_cSW1ikeyjOAExlcGYmxA,pricing,"en;fr"
Buttercane,"Horrible company, immorale business","This company is rotten all the way up to its intensely corporate top layers. Forcing you to buy sub par internet and throttling you at every step of the way. 
If you do end up paying for their services, where many places like apartments force you to do, you will still get 2-3 calls a day from spam spectrum shilling other useless products.
The app on top of this steaming pile of **** hardly ever works, double charges your cards, and is perhaps the most unintuitive user experience ever designed.
They seem to be hyper greedy at the expense over you and everyone else they serve. Don‚Äôt expect good internet, service, or ease of use.
Do your best to get another internet provider like Starlink or AT&T. Anything is better than the conniving internet provider known as Spectrum.","Horrible company, immorale business","This company is rotten all the way up to its intensely corporate top layers. Forcing you to buy sub par internet and throttling you at every step of the way. 
If you do end up paying for their services, where many places like apartments force you to do, you will still get 2-3 calls a day from spam spectrum shilling other useless products.
The app on top of this steaming pile of **** hardly ever works, double charges your cards, and is perhaps the most unintuitive user experience ever designed.
They seem to be hyper greedy at the expense over you and everyone else they serve. Don‚Äôt expect good internet, service, or ease of use.
Do your best to get another internet provider like Starlink or AT&T. Anything is better than the conniving internet provider known as Spectrum.",1.00,US,11.11,2023-06-25T14:21:58,False,False,40423315838,40423315838,"My Spectrum",942608209,apple,2,40423315838L0ztaG-tRNPgOgQhD--OkbQ,"pricing;gameplay;app_performance",en
n274312,can‚Äôt change my password????,"every time I try to change my network password, the instructions direct me to a page that doesn‚Äôt exist, but sometimes it tells me to download the My Spectrum App (this app!!??)",can‚Äôt change my password????,"every time I try to change my network password, the instructions direct me to a page that doesn‚Äôt exist, but sometimes it tells me to download the My Spectrum App (this app!!??)",1.00,US,11.11,2023-06-25T03:21:23,False,False,40423315838,40423315838,"My Spectrum",942608209,apple,2,40423315838L0pGnPDP1YRKgfkS_I2OSAw,"gameplay;app_performance",en
EliasRamon(:),App,Simple to use. Nice use to troubleshoot problems. Wi-Fi pods are worth it.,App,Simple to use. Nice use to troubleshoot problems. Wi-Fi pods are worth it.,5.00,US,11.11,2023-06-25T01:56:50,False,False,40423315838,40423315838,"My Spectrum",942608209,apple,2,40423315838Lqz9Vn-0rSwc7brbXIUvdlA,"pricing;app_performance",en
DisgruntledSpectrumUser,Constantly going out.,"We‚Äôve had spectrum for over a year now because it‚Äôs the only one our building offered. They constantly have blackouts and offer little to no support for resolving the issue other than simply waiting hours. If you have Verizon Fios available, please do yourself a favor and pay a little extra for the convenience of having uninterrupted Wi-Fi.",Constantly going out.,"We‚Äôve had spectrum for over a year now because it‚Äôs the only one our building offered. They constantly have blackouts and offer little to no support for resolving the issue other than simply waiting hours. If you have Verizon Fios available, please do yourself a favor and pay a little extra for the convenience of having uninterrupted Wi-Fi.",1.00,US,11.11,2023-06-24T22:19:12,False,False,40423315838,40423315838,"My Spectrum",942608209,apple,2,40423315838LZUtfbF6gWAcurnHftstlqA,"pricing;app_performance",en
2Much#trbl#,Service Tech & Pmt,"Great at both the tech time to serve abnormal issues and the payment processing is great, no confusion or unnecessary steps.",Service Tech & Pmt,"Great at both the tech time to serve abnormal issues and the payment processing is great, no confusion or unnecessary steps.",5.00,US,11.11,2023-06-24T20:01:30,False,False,40423315838,40423315838,"My Spectrum",942608209,apple,2,40423315838LlLUZVzoyoLjM7Vebq0lwtg,"gameplay;app_performance",en
Valsie123,Awesome,We had Devon install our wifi today he was great and the internet is fast!,Awesome,We had Devon install our wifi today he was great and the internet is fast!,5.00,US,11.11,2023-06-24T16:29:01,False,False,40423315838,40423315838,"My Spectrum",942608209,apple,2,40423315838LjAiszPkmg-TRxOByUm3Jgg,app_performance,en
Bloody Aimz,Can‚Äôt complain,"Other than prices gradually increasing just like everything else in this world you can‚Äôt complain about spectrum compared to other internet companies, they have their outages but they fix them as soon as possible and have always been quick and easy through the app.",Can‚Äôt complain,"Other than prices gradually increasing just like everything else in this world you can‚Äôt complain about spectrum compared to other internet companies, they have their outages but they fix them as soon as possible and have always been quick and easy through the app.",5.00,US,11.11,2023-06-24T15:52:51,False,False,40423315838,40423315838,"My Spectrum",942608209,apple,2,40423315838LVARWwQT_Idb8n8xIP7xZtw,"pricing;gameplay;app_performance",en
Dsrtgranny,Spectrum Billll,Paying Spectrum online is fast and easy. Better than mailing in payment or standing in line at the counter to pay.,Spectrum Billll,Paying Spectrum online is fast and easy. Better than mailing in payment or standing in line at the counter to pay.,5.00,US,11.11,2023-06-24T13:39:52,False,False,40423315838,40423315838,"My Spectrum",942608209,apple,2,40423315838L23vCnmHUSs44me_9IB3c2A,pricing,en
messyfushsticksonsteriods,Review,Amazing job you guys thank you for the hard work you do!!!,Review,Amazing job you guys thank you for the hard work you do!!!,5.00,US,11.11,2023-06-24T08:35:53,False,False,40423315838,40423315838,"My Spectrum",942608209,apple,2,40423315838LuFRhUyUg9D4_rcB4OtUnrQ,gameplay,en
AshyStashy,Great reliability,It‚Äôs great service,Great reliability,It‚Äôs great service,5.00,US,11.11,2023-06-24T01:20:43,False,False,40423315838,40423315838,"My Spectrum",942608209,apple,2,40423315838LtK8sDKN8MF6D8aa_pykFgg,"pricing;gameplay","en;ca;la;ro"
ibmilo,After update app won‚Äôt work,App does not work after update,After update app won‚Äôt work,App does not work after update,1.00,US,11.11,2023-06-24T01:11:00,False,False,40423315838,40423315838,"My Spectrum",942608209,apple,2,40423315838LUrJ6NywGHzpxa5U0cuj5jg,app_performance,"en;af;nl"
Slim Thugga Cuttie,Review,Great app quick and easy,Review,Great app quick and easy,5.00,US,11.11,2023-06-23T19:39:30,False,False,40423315838,40423315838,"My Spectrum",942608209,apple,2,40423315838Ll7C91btDWhSYSqv1qRjBlA,gameplay,"en;la"
Lulu2962,Internet,Better than Verizon and works great!,Internet,Better than Verizon and works great!,5.00,US,11.11,2023-06-23T18:45:29,False,False,40423315838,40423315838,"My Spectrum",942608209,apple,2,40423315838L8XwlmZ1kxKZ3_UzD2_W9lg,gameplay,"en;af;nl;da;de"
Aulani Hirayama,Love the App,It‚Äôs so convenient and so easy to navigate and pau your bill with just two clicks of a button.  They notify you when your bill is paid via text. I highly advice to download app!!!,Love the App,It‚Äôs so convenient and so easy to navigate and pau your bill with just two clicks of a button.  They notify you when your bill is paid via text. I highly advice to download app!!!,5.00,US,11.11,2023-06-23T16:30:45,False,False,40423315838,40423315838,"My Spectrum",942608209,apple,2,40423315838Ldy-IfvgHK6-VQDVNtrwwZg,"pricing;gameplay;app_performance",en
Ar7ie,convenient,This app is very useful and convenient tool for bill payments,convenient,This app is very useful and convenient tool for bill payments,5.00,US,11.11,2023-06-23T15:48:43,False,False,40423315838,40423315838,"My Spectrum",942608209,apple,2,40423315838Lk47C0krG_KxMo5rxPcH9nw,"pricing;gameplay",en
Doeboy6789,Yes,Awesome,Yes,Awesome,5.00,US,11.11,2023-06-23T07:21:38,False,False,40423315838,40423315838,"My Spectrum",942608209,apple,2,40423315838Lm7YbcMASQOZxZ-qYtKDJVQ,,"en;af;cy;an;nl"
Witch dragon trainer,Easy fast,The app is very easy to use. Makes payments much easier than sending a check in the mail. Absolutely love the app.,Easy fast,The app is very easy to use. Makes payments much easier than sending a check in the mail. Absolutely love the app.,5.00,US,11.11,2023-06-23T04:44:52,False,False,40423315838,40423315838,"My Spectrum",942608209,apple,2,40423315838LySKMNEQPbAsqu9enTFG7gw,gameplay,en
Aizenbill,Thanks.,Thank you for your services.,Thanks.,Thank you for your services.,5.00,US,11.11,2023-06-23T00:25:39,False,False,40423315838,40423315838,"My Spectrum",942608209,apple,2,40423315838LdKSZgRjOUIBAdyPhGdyZ4Q,gameplay,"en;fr"
Over it2023,Ugh,The app just spinning nothing else just spinning.. if I could find another company oh I would run to them. It‚Äôs always some w spectrum ALWAYS something,Ugh,The app just spinning nothing else just spinning.. if I could find another company oh I would run to them. It‚Äôs always some w spectrum ALWAYS something,1.00,US,11.11,2023-06-23T00:13:02,False,False,40423315838,40423315838,"My Spectrum",942608209,apple,2,40423315838LV7KDyEVig6rPKDfmPed9oA,"gameplay;app_performance",en
Unsure70,After last update it just loads and loads,Never goes into the app just keeps loading.,After last update it just loads and loads,Never goes into the app just keeps loading.,2.00,US,11.11,2023-06-22T21:46:03,False,False,40423315838,40423315838,"My Spectrum",942608209,apple,2,40423315838Lu-ay_7moizqq2c-Azsro3w,"gameplay;app_performance",en
Stixxmann,Useful for basics,"Useful to pay Spectrum, but not really useful to the user. I can‚Äôt access my router and there are no controls for it. I can‚Äôt get anything other than data usage per line for the phones. 
I know they have way more information visible on their end, but we don‚Äôt get any of that‚Ä¶",Useful for basics,"Useful to pay Spectrum, but not really useful to the user. I can‚Äôt access my router and there are no controls for it. I can‚Äôt get anything other than data usage per line for the phones. 
I know they have way more information visible on their end, but we don‚Äôt get any of that‚Ä¶",4.00,US,11.11,2023-06-22T19:43:26,False,False,40423315838,40423315838,"My Spectrum",942608209,apple,2,40423315838LuFiCBteWFyct5nLx_JmMQQ,"pricing;gameplay;app_performance",en
Alex fultz,Slow internet,Been having trouble with internet connection for a long time now. Internet is super slow trying to get it resolved.,Slow internet,Been having trouble with internet connection for a long time now. Internet is super slow trying to get it resolved.,3.00,US,11.11,2023-06-22T19:21:08,False,False,40423315838,40423315838,"My Spectrum",942608209,apple,2,40423315838LBV8_nQDSak4aYar353Dzqw,"gameplay;app_performance",en
Devvrayvernon,Slow internet service,My name is devin vernon and my internet is running super slow if you could please help I‚Äôd appreciate it,Slow internet service,My name is devin vernon and my internet is running super slow if you could please help I‚Äôd appreciate it,2.00,US,11.11,2023-06-22T17:50:11,False,False,40423315838,40423315838,"My Spectrum",942608209,apple,2,40423315838LArYYviAZTWmgoymwQ3kE1A,"gameplay;app_performance",en
Steph4968,Great!!,Great speedy service!!!,Great!!,Great speedy service!!!,4.00,US,11.11,2023-06-22T13:51:41,False,False,40423315838,40423315838,"My Spectrum",942608209,apple,2,40423315838LRQbuIKGSOTBPG8Fn4Gx73A,,"en;la;ro"
buikkdhhr,Fantastic app,"They make it ridiculously easy to pay your bill, which is really convenient and I have never came across the problem while using this app",Fantastic app,"They make it ridiculously easy to pay your bill, which is really convenient and I have never came across the problem while using this app",5.00,US,11.11,2023-06-22T13:02:24,False,False,40423315838,40423315838,"My Spectrum",942608209,apple,2,40423315838LiawLTVI74PjmK95OuJtrUQ,"pricing;gameplay",en
hayliester,No I‚Äôm going anywhere I just,The only way I cannot I want,No I‚Äôm going anywhere I just,The only way I cannot I want,4.00,US,11.11,2023-06-22T07:02:16,False,False,40423315838,40423315838,"My Spectrum",942608209,apple,2,40423315838L-1_IIezUQ-TvAmnW5CzoSg,other,en
opheliane1980,For the new year to,I don‚Äôt know if you cannot,For the new year to,I don‚Äôt know if you cannot,4.00,US,11.11,2023-06-22T07:01:42,False,False,40423315838,40423315838,"My Spectrum",942608209,apple,2,40423315838Lczoq8o3vFLlsyvvtjggPTA,gameplay,en
natasha.corkery,For me to get a,I‚Äôm not a big man in,For me to get a,I‚Äôm not a big man in,4.00,US,11.11,2023-06-22T06:55:13,False,False,40423315838,40423315838,"My Spectrum",942608209,apple,2,40423315838Lt8v7pOdkJLm46VYoP4__Rg,,"en;da;no;nn;af"
Limikeen,Bad update,"Unable to check what devices are connected on the app after I updated.  
Also, spoke with ‚ÄúTot‚Äù before to try to transfer my service. They added whole bunch of services and attempted to charge me WITHOUT my consent. They are literally robbing people‚Ä¶not even exaggerating. Literally want to give them negative stars as it shouldn‚Äôt be tolerated.",Bad update,"Unable to check what devices are connected on the app after I updated.  
Also, spoke with ‚ÄúTot‚Äù before to try to transfer my service. They added whole bunch of services and attempted to charge me WITHOUT my consent. They are literally robbing people‚Ä¶not even exaggerating. Literally want to give them negative stars as it shouldn‚Äôt be tolerated.",1.00,US,11.11,2023-06-22T05:58:36,False,False,40423315838,40423315838,"My Spectrum",942608209,apple,2,40423315838LxUt8cFH1pewFqjwm_URmMg,"pricing;app_performance",en
Kamila 04,Internet,A very professional and easy to deal,Internet,A very professional and easy to deal,4.00,US,11.11,2023-06-22T00:18:41,False,False,40423315838,40423315838,"My Spectrum",942608209,apple,2,40423315838La-36621TRgHJNvB9UZ_siw,"pricing;gameplay","en;af"
Alyssapaw,USELESS,This app is the most useless thing in the world. I have to remove and redownload it everytime i want to pay my bill.,USELESS,This app is the most useless thing in the world. I have to remove and redownload it everytime i want to pay my bill.,1.00,US,11.11,2023-06-21T23:01:54,False,False,40423315838,40423315838,"My Spectrum",942608209,apple,2,40423315838LegMK5zUcnTEKT0S1b7E_Ig,pricing,en
Arrokidd,"App is fine, API is terrible!","Why is it that it can‚Äôt figure out whether or not my modem or router is connected when I see that the ethernet port light up? How come I can‚Äôt log in or reset my password because the API is down?
Whats the point in having a polished app, if the API prevents it from functioning half the time. I wish Spectrum wasn‚Äôt a telecom monopoly. üëéüèºüëéüèºüëéüèº","App is fine, API is terrible!","Why is it that it can‚Äôt figure out whether or not my modem or router is connected when I see that the ethernet port light up? How come I can‚Äôt log in or reset my password because the API is down?
Whats the point in having a polished app, if the API prevents it from functioning half the time. I wish Spectrum wasn‚Äôt a telecom monopoly. üëéüèºüëéüèºüëéüèº",1.00,US,,2023-06-21T21:45:53,False,False,40423315838,40423315838,"My Spectrum",942608209,apple,2,40423315838LCZDUqab_Yi3AWkbGQITFkg,,en
RatingWiz,Great App,Easy to use app with useful features.,Great App,Easy to use app with useful features.,5.00,US,,2023-06-21T21:09:57,False,False,40423315838,40423315838,"My Spectrum",942608209,apple,2,40423315838LgoMyS7JmZyUYQ6gsiXQLWA,,en
MamaTrombone,Easy to use,I can easily pay my bill and restart my equipment from the app. It works as it should.,Easy to use,I can easily pay my bill and restart my equipment from the app. It works as it should.,5.00,US,,2023-06-21T19:54:17,False,False,40423315838,40423315838,"My Spectrum",942608209,apple,2,40423315838LCxdmUo_ZUSErJ5tAOi7ZTw,,en
1st Cupcake,App,Easiest app to pay any bill with.,App,Easiest app to pay any bill with.,5.00,US,,2023-06-21T17:24:33,False,False,40423315838,40423315838,"My Spectrum",942608209,apple,2,40423315838LrUVpD0Ut3RQr-w4xOvo9mw,,en
xxx_Xan_xxx,"Removed My Review, Terrible for Updates","I made a review that I would edit every month to indicate that I have to update an app JUST to pay a bill but it got deleted. I probably had five updates but here‚Äôs number six: 11/16/12 Had to update just to pay a bill Seriously, stop trying to reinvent the wheel, it‚Äôs so annoying. update seven: 2/2023 have to update again to pay a bill update eight: 3/2023 must update to pay bill. update nine: 6/2023 cool still have to update to pay a bill","Removed My Review, Terrible for Updates","I made a review that I would edit every month to indicate that I have to update an app JUST to pay a bill but it got deleted. I probably had five updates but here‚Äôs number six: 11/16/12 Had to update just to pay a bill Seriously, stop trying to reinvent the wheel, it‚Äôs so annoying. update seven: 2/2023 have to update again to pay a bill update eight: 3/2023 must update to pay bill. update nine: 6/2023 cool still have to update to pay a bill",1.00,US,,2023-06-21T16:24:54,False,False,40423315838,40423315838,"My Spectrum",942608209,apple,2,40423315838LPLuLipHCTDBDboVzKnDvjw,,en
Bear Bear 2,Easy app and a Great company.,Couldn‚Äôt ask for better service once the human gets involved . Computer makes getting and fixing some things done easy but when I need a human it‚Äôs a little difficult. Overall I‚Äôm happy üòÄ,Easy app and a Great company.,Couldn‚Äôt ask for better service once the human gets involved . Computer makes getting and fixing some things done easy but when I need a human it‚Äôs a little difficult. Overall I‚Äôm happy üòÄ,5.00,US,,2023-06-21T15:25:01,False,False,40423315838,40423315838,"My Spectrum",942608209,apple,2,40423315838LGORrEPn5wC6UhBzZGikg2A,,en
.failure62,Too many updates,"Every single time go to use this or pay, have to endure an update?! Seriously? What benefit is this to customer? What purpose does it serve? Except wasting time and inconvenience, enough! If you want folks to use your app, make it Simple, easy, useful ! Make it make sense!",Too many updates,"Every single time go to use this or pay, have to endure an update?! Seriously? What benefit is this to customer? What purpose does it serve? Except wasting time and inconvenience, enough! If you want folks to use your app, make it Simple, easy, useful ! Make it make sense!",1.00,US,,2023-06-21T14:20:48,False,False,40423315838,40423315838,"My Spectrum",942608209,apple,2,40423315838Lbmz5knMGICKBNWClIcIMdw,,en
Mkdd9003,Ssrvice,"We have amazing service, but being the only provider in town it amazes me they make us pay $85 a month when I started at $50. We‚Äôve honestly talked about shutting down service as this costs as much as our water bill monthly which is extremely ridiculous.",Ssrvice,"We have amazing service, but being the only provider in town it amazes me they make us pay $85 a month when I started at $50. We‚Äôve honestly talked about shutting down service as this costs as much as our water bill monthly which is extremely ridiculous.",4.00,US,11.11,2023-06-21T13:32:28,False,False,40423315838,40423315838,"My Spectrum",942608209,apple,2,40423315838LWL-H5YsS46LC9Sjh7woyxg,pricing,en
AP81üôÇ,üôÇ,Love using the app its way better then going in the store and waiting in line,üôÇ,Love using the app its way better then going in the store and waiting in line,5.00,US,11.11,2023-06-21T01:14:51,False,False,40423315838,40423315838,"My Spectrum",942608209,apple,2,40423315838LWvdbEZJT7BPDgskZXlhltw,gameplay,en
Missy8077,Help,"Your new WiFi boosting is not working properly for me or my area. I have all my devices set up for my home WiFi but Spectrum keeps disconnecting my home WiFi to connect me to a hot spot from Spectrum mobile. My WiFi and streaming continues to go on and off by itself. When it does this my home WiFi gets kicked off of all my streaming devices. Therefore making my streaming devices slow, or buffering, or looping. I then have to re-connect with my home WiFi back to all my streaming devices that are registered on my home WiFi network. This is a Spectrum Mobile problem as well as Spectrum Internet connectivity. I can‚Äôt talk to a live representative so I have no other choice but to leave this feedback here. Please fix accordingly. Thank you",Help,"Your new WiFi boosting is not working properly for me or my area. I have all my devices set up for my home WiFi but Spectrum keeps disconnecting my home WiFi to connect me to a hot spot from Spectrum mobile. My WiFi and streaming continues to go on and off by itself. When it does this my home WiFi gets kicked off of all my streaming devices. Therefore making my streaming devices slow, or buffering, or looping. I then have to re-connect with my home WiFi back to all my streaming devices that are registered on my home WiFi network. This is a Spectrum Mobile problem as well as Spectrum Internet connectivity. I can‚Äôt talk to a live representative so I have no other choice but to leave this feedback here. Please fix accordingly. Thank you",1.00,US,11.11,2023-06-20T23:52:14,False,False,40423315838,40423315838,"My Spectrum",942608209,apple,2,40423315838L97a-4DVEUYLsoZPTxp3AXw,app_performance,en
TheRealAldo,Sexist customer service reps,"I‚Äôve been a Spectrum customer for almost 20 years (they were Insight before being bought by Charter).  I was having issues with both the Spectrum TV app and the MySpectrum app.  I was chatting with ‚ÄúJonathan‚Äù via the chat feature on their website because the MySpectrum app wouldn‚Äôt load at all.  The representative was troubleshooting the issues and was unable to resolve anything.  He kept stating there was an issue with our internet which I know there wasn‚Äôt as I work from home full time utilizing our home internet and I‚Äôd had zero issues.  He asked if I could check if any other devices were having issues and I told him my husband doesn‚Äôt have the app so I didn‚Äôt know.  He then told me he needed to schedule a technician to come out to which I replied no thank you because this is an app issue not an internet issue.  As I‚Äôm chatting with him, my husband gets a text and email stating the contact settings have been changed to his information.  Mind you, I am the account owner and my husband was added afterwards as optional when he moved in.  My husband doesn‚Äôt even have the app to change anything and I couldn‚Äôt access the app to change anything.  So ‚ÄúJonathan‚Äù apparently didn‚Äôt like that he couldn‚Äôt resolve my issue and didn‚Äôt like that a woman is the account owner with my information being the main contact so he changed it to my husband‚Äôs email and phone number.  I ended the chat then noticed on their website, there is an app outage.",Sexist customer service reps,"I‚Äôve been a Spectrum customer for almost 20 years (they were Insight before being bought by Charter).  I was having issues with both the Spectrum TV app and the MySpectrum app.  I was chatting with ‚ÄúJonathan‚Äù via the chat feature on their website because the MySpectrum app wouldn‚Äôt load at all.  The representative was troubleshooting the issues and was unable to resolve anything.  He kept stating there was an issue with our internet which I know there wasn‚Äôt as I work from home full time utilizing our home internet and I‚Äôd had zero issues.  He asked if I could check if any other devices were having issues and I told him my husband doesn‚Äôt have the app so I didn‚Äôt know.  He then told me he needed to schedule a technician to come out to which I replied no thank you because this is an app issue not an internet issue.  As I‚Äôm chatting with him, my husband gets a text and email stating the contact settings have been changed to his information.  Mind you, I am the account owner and my husband was added afterwards as optional when he moved in.  My husband doesn‚Äôt even have the app to change anything and I couldn‚Äôt access the app to change anything.  So ‚ÄúJonathan‚Äù apparently didn‚Äôt like that he couldn‚Äôt resolve my issue and didn‚Äôt like that a woman is the account owner with my information being the main contact so he changed it to my husband‚Äôs email and phone number.  I ended the chat then noticed on their website, there is an app outage.",1.00,US,11.11,2023-06-20T21:26:36,False,False,40423315838,40423315838,"My Spectrum",942608209,apple,2,40423315838LuqpxUGrEbwpXbno4nvF6Wg,"gameplay;app_performance",en
GOTH3M,Beautiful,All is well,Beautiful,All is well,5.00,US,11.11,2023-06-20T20:31:29,False,False,40423315838,40423315838,"My Spectrum",942608209,apple,2,40423315838LJlcWiW7CIYRcr_4h0Hc9zA,,"en;br;cy;de;af"
wooshmaster,I don‚Äôt like apps,Stop making everyone download an app for everything they do. It‚Äôs really annoying.,I don‚Äôt like apps,Stop making everyone download an app for everything they do. It‚Äôs really annoying.,1.00,US,11.11,2023-06-20T19:41:46,False,False,40423315838,40423315838,"My Spectrum",942608209,apple,2,40423315838LHQw-AQn_u0AgMRQ7Men0sg,"gameplay;app_performance",en
