author,title,review,original_title,original_review,stars,iso,version,date,deleted,has_response,product,product_id,product_name,vendor_id,store,weight,id,predicted_langs
√†irramm,My service,"Excellent service 
Great customer service",My service,"Excellent service 
Great customer service",5.00,US,,2023-08-01T16:22:28,False,False,40423315838,40423315838,"My Spectrum",942608209,apple,2,40423315838LgGOLp68WDzXSvmdxD1coRw,"en;la;ca;fr;ro"
rockie19716,Payments,I am happy with the app to make payments,Payments,I am happy with the app to make payments,4.00,US,11.14.1,2023-08-01T03:13:22,False,False,40423315838,40423315838,"My Spectrum",942608209,apple,2,40423315838LDv0rUmsspXoyx57wNP-yZA,en
4Evr a gem,Ridiculously overpriced,"I have no other services except a basic internet and I pay almost 100.00 a month !
You don‚Äôt reward your loyal customers! I started with a service at 49.99 about 6 yrs ago and all you do is raise your rates without appreciating loyalty. I will be changing company‚Äôs now that I have a number of other options for a lot less!",Ridiculously overpriced,"I have no other services except a basic internet and I pay almost 100.00 a month !
You don‚Äôt reward your loyal customers! I started with a service at 49.99 about 6 yrs ago and all you do is raise your rates without appreciating loyalty. I will be changing company‚Äôs now that I have a number of other options for a lot less!",1.00,US,11.14.1,2023-08-01T01:01:26,False,False,40423315838,40423315838,"My Spectrum",942608209,apple,2,40423315838LBKty83tqToAG5m4Y7hjp3A,en
JeaLee Daige,Love it,Awesome thanks,Love it,Awesome thanks,4.00,US,11.14.1,2023-07-31T23:16:26,False,False,40423315838,40423315838,"My Spectrum",942608209,apple,2,40423315838LadcEfLC8iI_K8OaLq15M_A,en
igorhvac,The best mobile coverage,I switched from Verizon and it‚Äôs perfect,The best mobile coverage,I switched from Verizon and it‚Äôs perfect,5.00,US,11.14.1,2023-07-31T21:56:55,False,False,40423315838,40423315838,"My Spectrum",942608209,apple,2,40423315838LU5Rj8xcAIiemoZPluQ7yEA,en
kphgyvchc,Had a issue here 30 mins later,The best,Had a issue here 30 mins later,The best,5.00,US,11.14.1,2023-07-31T20:57:19,False,False,40423315838,40423315838,"My Spectrum",942608209,apple,2,40423315838LlFMILzcWQhyd6XT42FSFaQ,en
Headdurrrrrrr,Good,"Reliable, easy to navigate, always up to date",Good,"Reliable, easy to navigate, always up to date",3.00,US,11.14.1,2023-07-31T18:16:09,False,False,40423315838,40423315838,"My Spectrum",942608209,apple,2,40423315838L1x6vNPLk1uenXm8z-G1fLw,"en;tl;af;ceb"
Warrior1960,Used to be a good app and company,Unfortunately this year Charter/Spectrum has become a sad joke. I used it exclusively for internet services and it‚Äôs damned frustrating to only be able to login on my laptop a couple times per month at best. Service calls never get through and communications end up with me being on hold for hours. I‚Äôve finally had it with such terrible customer service and support. üëéüëéüëé,Used to be a good app and company,Unfortunately this year Charter/Spectrum has become a sad joke. I used it exclusively for internet services and it‚Äôs damned frustrating to only be able to login on my laptop a couple times per month at best. Service calls never get through and communications end up with me being on hold for hours. I‚Äôve finally had it with such terrible customer service and support. üëéüëéüëé,1.00,US,11.14.1,2023-07-31T18:10:24,False,False,40423315838,40423315838,"My Spectrum",942608209,apple,2,40423315838LIvsi2Uu6gbQSrXwl8JG5gg,en
Star_moser,Great service,The app works well and the service is great!,Great service,The app works well and the service is great!,5.00,US,11.14.1,2023-07-31T16:24:46,False,False,40423315838,40423315838,"My Spectrum",942608209,apple,2,40423315838LabO57SNMO6fNr9CbyiW6cA,en
cornell.gibson,For a big big,Come to our office to our,For a big big,Come to our office to our,5.00,US,11.14,2023-07-31T09:05:43,False,False,40423315838,40423315838,"My Spectrum",942608209,apple,2,40423315838L0ufSiTNJz5AWHasLPc1kLw,en
Troubleshooterusa,Awesome tools helpful,Amazing,Awesome tools helpful,Amazing,5.00,US,11.14,2023-07-31T06:39:22,False,False,40423315838,40423315838,"My Spectrum",942608209,apple,2,40423315838LSte8bn1Gyy8JwHxK47fw-w,"en;af;nl;sw;an"
Sampler‚Äôs,Spectrum Outage,We have had WIFI for well over 24hrs and it‚Äôs starting to get frustrating‚Ä¶üò°,Spectrum Outage,We have had WIFI for well over 24hrs and it‚Äôs starting to get frustrating‚Ä¶üò°,1.00,US,11.14,2023-07-31T06:02:37,False,False,40423315838,40423315838,"My Spectrum",942608209,apple,2,40423315838LOpqHJ44cTyIzpgmZxEVw9A,"en;da;nn"
Leland House,Love it,I love this app super easy and convenient,Love it,I love this app super easy and convenient,5.00,US,11.14,2023-07-30T19:53:29,False,False,40423315838,40423315838,"My Spectrum",942608209,apple,2,40423315838L_oODbKMTKRIC_YsL-iF4Jw,"en;la;fr"
Buffalowings702,Horrible company!,"I am a long time Spectrum customer who switched from DirecTV when their bills became outrageous. Spectrum is now worse, if that‚Äôs even possible! There is NO competition and these companies have no interest in keeping long time customers happy. They only care about new ones.",Horrible company!,"I am a long time Spectrum customer who switched from DirecTV when their bills became outrageous. Spectrum is now worse, if that‚Äôs even possible! There is NO competition and these companies have no interest in keeping long time customers happy. They only care about new ones.",1.00,US,11.14,2023-07-30T17:09:41,False,False,40423315838,40423315838,"My Spectrum",942608209,apple,2,40423315838LHUd1a8x603Y4Zsvl0V0c5g,en
Tha best hands down..,Grateful for the savings,"In these times where everything is getting expensive and folks are finding it hard to do the things they could pre Covid . I am grateful for spectrum for giving us some savings and relief to still enjoy our lives and relax in our home and enjoy our shows and movies 
   Thank you for the opportunity to help us save a few coins",Grateful for the savings,"In these times where everything is getting expensive and folks are finding it hard to do the things they could pre Covid . I am grateful for spectrum for giving us some savings and relief to still enjoy our lives and relax in our home and enjoy our shows and movies 
   Thank you for the opportunity to help us save a few coins",5.00,US,11.14,2023-07-30T14:07:41,False,False,40423315838,40423315838,"My Spectrum",942608209,apple,2,40423315838L4wTMclQ_sr5aOEO47VX9Yw,en
"John Klopp- Greensboro, NC",Enjoy the quick service of the account updating,"I really enjoy when I pay my bill that the funds are withdrawn quickly, my account is updated quickly and I have the receipt in my email within seconds.
This is a great service that Duke Energy has implemented.",Enjoy the quick service of the account updating,"I really enjoy when I pay my bill that the funds are withdrawn quickly, my account is updated quickly and I have the receipt in my email within seconds.
This is a great service that Duke Energy has implemented.",5.00,US,11.14,2023-07-30T14:00:52,False,False,40423315838,40423315838,"My Spectrum",942608209,apple,2,40423315838LBAYGav33jrT6YNnqBArToQ,en
firemark,Worst ever new system setup,"I have owned SimpliSafe systems for many years and many properties.  I recently bought another property and ordered a new system.   This was the most frustrating installation setup process I‚Äôve ever encountered.   
The last system I bought a little over two years ago was quite easy, plug in the base, turn on the keypad and the system and keypad walked you through the setup step by step for each device.
NOT NOW!  The ONLY way to set up your system is through their App.  Try to use the Keypad to add devices and it tells you to use hr App. What‚Äôs worse, the process is poorly designed and very slow to respond.  I started with entry sensors which normally are very uncomplicated devices.  You‚Äôre told to click to type of device in the App then press the small button on the device.  Of course you first have to get it out of the tiny box, unwrap it from the plastic, peel off the backing for the adhesive tape and mount it all before you touch that button.   Guess what happens when you accidentally touch the button multiple times during all this?   It starts adding the same sensor multiple times!  Somehow it also decides to make up device serial numbers that don‚Äôt correspond with anything you have.  Worse, there is no going Back in the App.  No navigation to the prior step.  Your only way to fix this is go to keypad, hit the Menu button, enter your master code then delete the erroneous or unnamed devices.   Remember I mentioned starting with Entry Sensors?  I had to stop and get the keypad activated before continuing just to fix this mess.
Of course this happened multiple times while unpacking and mounting the sensors.
On top of that, once I setup a Motion Sensor, mounted it and named it, the App shows it as ‚ÄúUnknown ‚Äú device in the Livingroom.
Guess where the only way to fix that exists?
No not the Keypad, Not the App on your phone, The regular Web Browser for SimpliSafe!  
What should have been a 30 minutes install process for 6 entry sensors and a motion sensor took over two hours.
Finally, when you get to the Monitoring service setup, your ONLY option is their highest priced level in a 30 day trial.  You can‚Äôt make any changes or selections even though you‚Äôre a current customer with multiple systems paying for monitoring!
Try calling Customer Service for technical support?  Stuck on hold over 15 minutes  with no indication anyone is actually working support on a Saturday afternoon.",Worst ever new system setup,"I have owned SimpliSafe systems for many years and many properties.  I recently bought another property and ordered a new system.   This was the most frustrating installation setup process I‚Äôve ever encountered.   
The last system I bought a little over two years ago was quite easy, plug in the base, turn on the keypad and the system and keypad walked you through the setup step by step for each device.
NOT NOW!  The ONLY way to set up your system is through their App.  Try to use the Keypad to add devices and it tells you to use hr App. What‚Äôs worse, the process is poorly designed and very slow to respond.  I started with entry sensors which normally are very uncomplicated devices.  You‚Äôre told to click to type of device in the App then press the small button on the device.  Of course you first have to get it out of the tiny box, unwrap it from the plastic, peel off the backing for the adhesive tape and mount it all before you touch that button.   Guess what happens when you accidentally touch the button multiple times during all this?   It starts adding the same sensor multiple times!  Somehow it also decides to make up device serial numbers that don‚Äôt correspond with anything you have.  Worse, there is no going Back in the App.  No navigation to the prior step.  Your only way to fix this is go to keypad, hit the Menu button, enter your master code then delete the erroneous or unnamed devices.   Remember I mentioned starting with Entry Sensors?  I had to stop and get the keypad activated before continuing just to fix this mess.
Of course this happened multiple times while unpacking and mounting the sensors.
On top of that, once I setup a Motion Sensor, mounted it and named it, the App shows it as ‚ÄúUnknown ‚Äú device in the Livingroom.
Guess where the only way to fix that exists?
No not the Keypad, Not the App on your phone, The regular Web Browser for SimpliSafe!  
What should have been a 30 minutes install process for 6 entry sensors and a motion sensor took over two hours.
Finally, when you get to the Monitoring service setup, your ONLY option is their highest priced level in a 30 day trial.  You can‚Äôt make any changes or selections even though you‚Äôre a current customer with multiple systems paying for monitoring!
Try calling Customer Service for technical support?  Stuck on hold over 15 minutes  with no indication anyone is actually working support on a Saturday afternoon.",2.00,US,11.14,2023-07-30T05:16:33,False,False,40423315838,40423315838,"My Spectrum",942608209,apple,2,40423315838L5TNOyTDJ8uSqup3zwcF4Kg,en
Yolkywarrior,Not helpful,The app is basically worthless. Some of the nice things in it. I will say is that I can pay my bill from the app. Everything else is pretty much garbage,Not helpful,The app is basically worthless. Some of the nice things in it. I will say is that I can pay my bill from the app. Everything else is pretty much garbage,2.00,US,11.14,2023-07-30T04:33:45,False,False,40423315838,40423315838,"My Spectrum",942608209,apple,2,40423315838LpjLgoIvBRyIiNyjfbyQ1Hw,en
Mendezg24,Lo m√°ximo,Muy buena su aplicaci√≥n y el servicio excelente se recomienda 100%,Lo m√°ximo,Muy buena su aplicaci√≥n y el servicio excelente se recomienda 100%,5.00,US,11.14,2023-07-29T23:43:21,False,False,40423315838,40423315838,"My Spectrum",942608209,apple,2,40423315838LvE7VAqZ0yOENKc4fAsGnjg,"es;gl"
Ahbcla,Idioma,No se puede cambiar a espa√±ol,Idioma,No se puede cambiar a espa√±ol,3.00,HN,,2023-07-29T21:15:44,False,False,40423315838,40423315838,"My Spectrum",942608209,apple,2,40423315838LCxOFLEe2BBY_e4orfS6P4g,es
Natural livity,Billing,Very good easy to find your statement and make payment.,Billing,Very good easy to find your statement and make payment.,5.00,US,11.14,2023-07-29T21:00:48,False,False,40423315838,40423315838,"My Spectrum",942608209,apple,2,40423315838LLWDl-5GnXuZhnfYOGmoRmw,"en;af;da;nl;nn"
Knothead1983,Awesome,Curtis came in and took care of everything! Told him what I‚Äôd like to happen and he had no problem running a new line and installing it. Gonna make my wife happy and daughters happy! Thank you,Awesome,Curtis came in and took care of everything! Told him what I‚Äôd like to happen and he had no problem running a new line and installing it. Gonna make my wife happy and daughters happy! Thank you,5.00,US,11.14,2023-07-29T19:02:44,False,False,40423315838,40423315838,"My Spectrum",942608209,apple,2,40423315838LcgvBbe1GKF1j57_7ghEeMA,"en;af;nl"
Marrouken,My Spectrum App,"The Billing tab remains blank, signed in to my account, even after deleting & reinstalling the app. The Chat With Us bubble works but the rest remains completely blank in the Billing tab. I have to go to the url website to make my payments.",My Spectrum App,"The Billing tab remains blank, signed in to my account, even after deleting & reinstalling the app. The Chat With Us bubble works but the rest remains completely blank in the Billing tab. I have to go to the url website to make my payments.",2.00,US,11.14,2023-07-29T18:16:23,False,False,40423315838,40423315838,"My Spectrum",942608209,apple,2,40423315838LIqci8LttQecCAnAZGSSUxw,en
just a girl trying to rise!,Billing section never loads,"This app is totally dysfunctional for its purposes. Never loads, can‚Äôt see any of my billing information.",Billing section never loads,"This app is totally dysfunctional for its purposes. Never loads, can‚Äôt see any of my billing information.",1.00,US,11.14,2023-07-29T18:07:47,False,False,40423315838,40423315838,"My Spectrum",942608209,apple,2,40423315838LQJdlEJ0muqu-cUZHAsnrcA,en
igorhvac,The worst mobile coverage,"I switched from Verizon and literally there is no coverage 99% of the time in Los Angeles
Spectrum
Works only from Wi-Fi so if you have unlimited date it means you will
Not have any coverage",The worst mobile coverage,"I switched from Verizon and literally there is no coverage 99% of the time in Los Angeles
Spectrum
Works only from Wi-Fi so if you have unlimited date it means you will
Not have any coverage",1.00,US,11.14,2023-07-29T18:05:07,False,False,40423315838,40423315838,"My Spectrum",942608209,apple,2,40423315838LNVKsEiMzaId-Dm8iXfcZrQ,en
Miss E Phillips,Awesome experience,I have had the best experience with Spectrum! Hands down from ordering with Rob to my technician James everything has been top notched!,Awesome experience,I have had the best experience with Spectrum! Hands down from ordering with Rob to my technician James everything has been top notched!,5.00,US,11.14,2023-07-29T14:05:14,False,False,40423315838,40423315838,"My Spectrum",942608209,apple,2,40423315838LSOU24d8iKcy9hKVQy__5qw,en
AZErnie,3 year customer,Service has only never been cut off even after being late on payment they are very flexible and understanding. Only lost service once in very bad weather.,3 year customer,Service has only never been cut off even after being late on payment they are very flexible and understanding. Only lost service once in very bad weather.,5.00,US,11.14,2023-07-29T13:34:51,False,False,40423315838,40423315838,"My Spectrum",942608209,apple,2,40423315838LQavaxIWzCsaKTslE27-cJQ,en
Punkin 2016,Easy,Easy to use,Easy,Easy to use,5.00,US,11.14,2023-07-28T21:02:33,False,False,40423315838,40423315838,"My Spectrum",942608209,apple,2,40423315838L_s83_-HDBzUD47pfp5aNUg,"en;ceb;war;fi"
santycongas,Hola,Gracias por el servicio,Hola,Gracias por el servicio,5.00,US,11.14,2023-07-28T20:00:58,False,False,40423315838,40423315838,"My Spectrum",942608209,apple,2,40423315838LtVoKR77RZigiwc2jQZ_FKQ,"es;gl;an;ca;oc"
102Aspen,Lying Rep,"I was cool paying $50 for internet with AT&T, walking in Walmart Spectrum employee stop me asking how much I pay for internet, told him $50/mth. Guy told me he can get me internet for $4.99 a month.. so I was interested, but I had just got AT&T. The guy said first bill would be $20 sum odd dollars, and then $4.99 a month, and everyone is eligible. So I called the number I was given and that representative said they should stop lying to customer to get them to go with Spectrum. She said you would have to be in a welfare program.. I‚Äôm ok with not paying 4.99 a month, but when I first bill came it was $65 dollars.. told the guy I would be ok if my bill just not over the $50 I was paying with AT&T. So far my first bill was $65. Very unprofessional to lie to a customer.",Lying Rep,"I was cool paying $50 for internet with AT&T, walking in Walmart Spectrum employee stop me asking how much I pay for internet, told him $50/mth. Guy told me he can get me internet for $4.99 a month.. so I was interested, but I had just got AT&T. The guy said first bill would be $20 sum odd dollars, and then $4.99 a month, and everyone is eligible. So I called the number I was given and that representative said they should stop lying to customer to get them to go with Spectrum. She said you would have to be in a welfare program.. I‚Äôm ok with not paying 4.99 a month, but when I first bill came it was $65 dollars.. told the guy I would be ok if my bill just not over the $50 I was paying with AT&T. So far my first bill was $65. Very unprofessional to lie to a customer.",1.00,US,11.14,2023-07-28T19:34:32,False,False,40423315838,40423315838,"My Spectrum",942608209,apple,2,40423315838LttMuUgvmzZBgrsl6q9lJ4Q,en
Eurosailornewyork,Customer service at its best - designed with customer torture in mind‚Ä¶,"Who sits behind this app, really? Torture or more torture. Designed to make you miserable. Nothing works‚Ä¶",Customer service at its best - designed with customer torture in mind‚Ä¶,"Who sits behind this app, really? Torture or more torture. Designed to make you miserable. Nothing works‚Ä¶",1.00,US,11.14,2023-07-28T01:57:20,False,False,40423315838,40423315838,"My Spectrum",942608209,apple,2,40423315838LDf70z83EuCwePK3z2eVNPw,en
Angela JR.,Easy Peasy,"The app makes it so easy to pay your bill, check equipment etc. I am very happy to have it!",Easy Peasy,"The app makes it so easy to pay your bill, check equipment etc. I am very happy to have it!",5.00,US,11.14,2023-07-28T01:01:36,False,False,40423315838,40423315838,"My Spectrum",942608209,apple,2,40423315838L50u1Id6GEcuzyds-WLsbuA,en
cece334040,Great Service,So far so good with setting up the service manually! I was not yet connected to the modem however the steps are easy and to the point and is what I love about Spectrum is the simplicity!,Great Service,So far so good with setting up the service manually! I was not yet connected to the modem however the steps are easy and to the point and is what I love about Spectrum is the simplicity!,5.00,US,11.14,2023-07-27T22:15:25,False,False,40423315838,40423315838,"My Spectrum",942608209,apple,2,40423315838LBB4DFsuJxDaaSaSXLNcCZg,en
Single lotus,Denise & Brittany,These two women did a great job with customer service and helped me resolve everything. Both women had lots of patience and were ready to help. Thanks,Denise & Brittany,These two women did a great job with customer service and helped me resolve everything. Both women had lots of patience and were ready to help. Thanks,5.00,US,11.14,2023-07-27T21:34:14,False,False,40423315838,40423315838,"My Spectrum",942608209,apple,2,40423315838L7pdf23vLMxWpx1_QbpCuVA,en
only we care,My review,I don‚Äôt like how I only got WiFi no cable and my internet is 70 that‚Äôs wild,My review,I don‚Äôt like how I only got WiFi no cable and my internet is 70 that‚Äôs wild,4.00,US,11.14,2023-07-27T20:38:20,False,False,40423315838,40423315838,"My Spectrum",942608209,apple,2,40423315838LbXxSmwGk4RgQnlNCpocq3w,"en;af"
amjice,No Apple Pay ‚Ä¶ really?,Making the customers enter their credit or debit card numbers into yet another server that can be hacked is neither convenient nor good customer service.,No Apple Pay ‚Ä¶ really?,Making the customers enter their credit or debit card numbers into yet another server that can be hacked is neither convenient nor good customer service.,1.00,US,11.14,2023-07-27T19:35:43,False,False,40423315838,40423315838,"My Spectrum",942608209,apple,2,40423315838LAVXDln3g7QUkgPdKdFfabg,en
lostinthsause,Switch Wi-Fi's,"This wifi goes down every month for like 5 hours, last time they went down for a whole day and a half  still want $55 for the OK connection 
The app is alright and help out but a wifi like this just isn't anywhere to the standards, every high reviews have to be bots or people forced to leave them",Switch Wi-Fi's,"This wifi goes down every month for like 5 hours, last time they went down for a whole day and a half  still want $55 for the OK connection 
The app is alright and help out but a wifi like this just isn't anywhere to the standards, every high reviews have to be bots or people forced to leave them",2.00,US,11.14,2023-07-27T19:19:17,False,False,40423315838,40423315838,"My Spectrum",942608209,apple,2,40423315838LgqUP9gSp1kIfXfPrRbXKeA,en
Babygurl62,Spectrum,I love this app,Spectrum,I love this app,5.00,US,11.14,2023-07-27T17:34:43,False,False,40423315838,40423315838,"My Spectrum",942608209,apple,2,40423315838L-TP4YYdX-m5cjFBBA58rCQ,"en;la"
Nervous in Florida,Very antiquated,Too bad fiber optics isn‚Äôt in the picture here. Copper lines are SO yesterday.,Very antiquated,Too bad fiber optics isn‚Äôt in the picture here. Copper lines are SO yesterday.,3.00,US,11.14,2023-07-27T16:54:48,False,False,40423315838,40423315838,"My Spectrum",942608209,apple,2,40423315838LVAvfC8ZrjcU6bFFBqMfgZw,"en;la"
Wyld Billy,The Best,"This app is the best, it saves me a trip to go anywhere to make payment. This app also let me know information that I need. I like this app to to the convenience it provides.",The Best,"This app is the best, it saves me a trip to go anywhere to make payment. This app also let me know information that I need. I like this app to to the convenience it provides.",5.00,US,11.14,2023-07-27T15:19:58,False,False,40423315838,40423315838,"My Spectrum",942608209,apple,2,40423315838LCjB19IX6npQfspAA1bRhVg,en
amazonhateee,Very frustrated!,"Why does when some else wifi go out it causes mine to have a outage . Nothing ever is wrong with my Wi-Fi ! And when it rains it always goes out . I swear I don‚Äôt dish , so I‚Äôm understanding why my Wi-Fi is going out every time the weather changes ! My Wi-Fi router is inside not outside . I don‚Äôt know who we need to get to upgrade and make this happen but it needs to happen ! I‚Äôm pretty sure me and 6  billion other people on the planet are tired of these interruptions ! We don‚Äôt pay our bills for this ! Thank u",Very frustrated!,"Why does when some else wifi go out it causes mine to have a outage . Nothing ever is wrong with my Wi-Fi ! And when it rains it always goes out . I swear I don‚Äôt dish , so I‚Äôm understanding why my Wi-Fi is going out every time the weather changes ! My Wi-Fi router is inside not outside . I don‚Äôt know who we need to get to upgrade and make this happen but it needs to happen ! I‚Äôm pretty sure me and 6  billion other people on the planet are tired of these interruptions ! We don‚Äôt pay our bills for this ! Thank u",1.00,US,11.14,2023-07-27T08:22:19,False,False,40423315838,40423315838,"My Spectrum",942608209,apple,2,40423315838L7Se5Ncc5mlwwTJ4Z4vjn4w,en
soniaban,New APP rocks!!,Easier to use! Love the colors so bold. No more calling to make payments.  Try it!!!,New APP rocks!!,Easier to use! Love the colors so bold. No more calling to make payments.  Try it!!!,5.00,US,11.14,2023-07-27T05:32:57,False,False,40423315838,40423315838,"My Spectrum",942608209,apple,2,40423315838LKVN2CwCjrQ8OLl35mO6Ihg,en
Ashhhhhhh98989,Doesn‚Äôt work.,The app hasn‚Äôt worked for me for 2-3 months. I have deleted the app and redownloaded it and nothing.,Doesn‚Äôt work.,The app hasn‚Äôt worked for me for 2-3 months. I have deleted the app and redownloaded it and nothing.,1.00,US,11.14,2023-07-26T22:11:59,False,False,40423315838,40423315838,"My Spectrum",942608209,apple,2,40423315838Le33kRi3wtT-6hwuAjbFJJA,en
EvanGsix,Customer service?,"Spectrum does not have customer service they just have sale reps that try to sell you stuff instead of fixing your problems, my problem was that they secretly increased my price by 20 dollars and constantly kept down throttling me. I pay for 500Mb internet but could only get about 125Mb on a good day. I figured out that the modem they sent me was not capable of 500mb speeds. So I felt ripped of and switch my provider, well I tried to switch but they wouldn‚Äôt let me cancel. I told customer service I did not want any promotion deals because I already have my new internet provider set up. ‚ÄúAll I want is to cancel‚Äù, And they just kept trying to sell me crap and trying to convince me to cancel with my other provider. I‚Äôm an not exaggerating that it took me about an hour to cancel my account, and I talked to a total of 3 different people. I was getting frustrated at this point, during this ordeal I kept hearing the person I was on the phone with giggling like it was a joke and her chattering with people in the background. 
0/10 will never use again",Customer service?,"Spectrum does not have customer service they just have sale reps that try to sell you stuff instead of fixing your problems, my problem was that they secretly increased my price by 20 dollars and constantly kept down throttling me. I pay for 500Mb internet but could only get about 125Mb on a good day. I figured out that the modem they sent me was not capable of 500mb speeds. So I felt ripped of and switch my provider, well I tried to switch but they wouldn‚Äôt let me cancel. I told customer service I did not want any promotion deals because I already have my new internet provider set up. ‚ÄúAll I want is to cancel‚Äù, And they just kept trying to sell me crap and trying to convince me to cancel with my other provider. I‚Äôm an not exaggerating that it took me about an hour to cancel my account, and I talked to a total of 3 different people. I was getting frustrated at this point, during this ordeal I kept hearing the person I was on the phone with giggling like it was a joke and her chattering with people in the background. 
0/10 will never use again",1.00,US,11.14,2023-07-26T22:08:58,False,False,40423315838,40423315838,"My Spectrum",942608209,apple,2,40423315838LCgfMe7DE6LlXEo3g7GPtug,en
glad you ask,Quick and so very EASY,This way the way to go,Quick and so very EASY,This way the way to go,5.00,US,11.14,2023-07-26T21:38:21,False,False,40423315838,40423315838,"My Spectrum",942608209,apple,2,40423315838LefmrL9qjyTOWOfmf--Od-g,en
Lacoonass83,App,App freezing a lot on iPhone so 3 stars. Adding phone and other stuff into one app was a horrible idea. Junk,App,App freezing a lot on iPhone so 3 stars. Adding phone and other stuff into one app was a horrible idea. Junk,3.00,US,11.14,2023-07-26T19:47:43,False,False,40423315838,40423315838,"My Spectrum",942608209,apple,2,40423315838LFW1VD_LKtDxXJKqOCj4i4g,en
great529,Wrong account,My app didn‚Äôt have the current account information and has caused me to miss a payment.,Wrong account,My app didn‚Äôt have the current account information and has caused me to miss a payment.,1.00,US,11.14,2023-07-26T18:55:08,False,False,40423315838,40423315838,"My Spectrum",942608209,apple,2,40423315838LQEh5svpc53ynySQHPjN_5w,en
RayGuo388,Spectrum APP is good however the sevice from store is a nightmare,"due to store's mistake, i am not getting the 1st line promotion, after 6times go to the store, issues not resolved. No one can help, no one takes responsibility on this, terrible!",Spectrum APP is good however the sevice from store is a nightmare,"due to store's mistake, i am not getting the 1st line promotion, after 6times go to the store, issues not resolved. No one can help, no one takes responsibility on this, terrible!",1.00,US,11.14,2023-07-26T18:19:42,False,False,40423315838,40423315838,"My Spectrum",942608209,apple,2,40423315838Llc9Iaaqt568_Zhpf09xDtw,en
Mr. Q Aleric,"Okay okay, No Complaints",The title says it all,"Okay okay, No Complaints",The title says it all,5.00,US,11.13.1,2023-07-26T06:18:09,False,False,40423315838,40423315838,"My Spectrum",942608209,apple,2,40423315838Lm-1t0mBxW1rvZCT07ipkqQ,en
bruh_eastcoastman,Makes Payments SO Easy,The easieat way to make your internet payments great app overall!!,Makes Payments SO Easy,The easieat way to make your internet payments great app overall!!,5.00,US,11.13.1,2023-07-26T04:45:14,False,False,40423315838,40423315838,"My Spectrum",942608209,apple,2,40423315838LfY-Z-ltvUcCfaVFz1e0sHQ,en
Concrete Strong,Great App,"I enjoy and appreciate my Spectrum App it makes paying my bill much easier and provides me with all the information I need to maintain my account with your services which I‚Äôm very happy with. 
Thank you 
Carlos Leiva",Great App,"I enjoy and appreciate my Spectrum App it makes paying my bill much easier and provides me with all the information I need to maintain my account with your services which I‚Äôm very happy with. 
Thank you 
Carlos Leiva",5.00,US,11.13.1,2023-07-25T20:47:30,False,False,40423315838,40423315838,"My Spectrum",942608209,apple,2,40423315838LHcDChi_GTVjwUPqWyRaoiw,en
BerryIvey,Health,I don't like my health monitored and I wasn't really aware of it until now.I know they are privacy laws however I wasn't even aware of my health being monitored.I would love for an iPhone to actually come with absolutely no apps.I think that would be safer for me.I would also like to no what who's the other device belonged to for the the health when I had to delete another device of of mine.My attorney does have pictures of my abusing ex boyfriend Jeremiah Killion when I turned on the notification on my iPhone 10 To show when sharing Home Screen.Nancy Burrnet is supposed to email it to an detective.Because I don't have good service and Spectrum pretty much says that it won't improve until they make Jeremiah killed stop what ever he's doing that's disturbing my service.I the detective also gets case notes from Apple.I am going to try to delete the spectrum app.along with others.,Health,I don't like my health monitored and I wasn't really aware of it until now.I know they are privacy laws however I wasn't even aware of my health being monitored.I would love for an iPhone to actually come with absolutely no apps.I think that would be safer for me.I would also like to no what who's the other device belonged to for the the health when I had to delete another device of of mine.My attorney does have pictures of my abusing ex boyfriend Jeremiah Killion when I turned on the notification on my iPhone 10 To show when sharing Home Screen.Nancy Burrnet is supposed to email it to an detective.Because I don't have good service and Spectrum pretty much says that it won't improve until they make Jeremiah killed stop what ever he's doing that's disturbing my service.I the detective also gets case notes from Apple.I am going to try to delete the spectrum app.along with others.,1.00,US,11.13.1,2023-07-25T20:20:20,False,False,40423315838,40423315838,"My Spectrum",942608209,apple,2,40423315838LKd6pY6AJe4HJnVtTrwGQAQ,en
tatt2bli,Rate,the app is good lots of no service,Rate,the app is good lots of no service,5.00,US,11.13.1,2023-07-25T17:22:29,False,False,40423315838,40423315838,"My Spectrum",942608209,apple,2,40423315838LUfUcgSUEyO0PbNnMLM8bwA,en
Riahqueen,Easy and Simple,I like how the app is easy and simple to get your bill paid.  Also easy to navigate and to know if your internet has an outage.,Easy and Simple,I like how the app is easy and simple to get your bill paid.  Also easy to navigate and to know if your internet has an outage.,5.00,US,11.13.1,2023-07-25T10:45:12,False,False,40423315838,40423315838,"My Spectrum",942608209,apple,2,40423315838LE2mcDCXx9eavI55HutORGA,en
saraaaaabuii,Review,"Everybody has more than accommodated me, and has been very welcoming and helpful. Any questions I‚Äôve had they have helped me with an been very professional. I am very grateful. Thank you.",Review,"Everybody has more than accommodated me, and has been very welcoming and helpful. Any questions I‚Äôve had they have helped me with an been very professional. I am very grateful. Thank you.",5.00,US,11.13.1,2023-07-25T00:26:19,False,False,40423315838,40423315838,"My Spectrum",942608209,apple,2,40423315838LgKGM--8exQNS0dSA5nE1vg,en
kigmfan,You rely on cell service,"What if you live in a place with really bad cellular data service? 
I‚Äôll tell you: activation is painful.",You rely on cell service,"What if you live in a place with really bad cellular data service? 
I‚Äôll tell you: activation is painful.",1.00,US,11.13.1,2023-07-24T22:23:46,False,False,40423315838,40423315838,"My Spectrum",942608209,apple,2,40423315838Lebl0RX5FulrAFuJKU0joBw,en
CarefulWorkout,Easy Support,"The app is helpful and easy to use. Initially, I had an issue with my modem and the app walked me through some quick and easy troubleshooting. Seems to be working great now. Thank you, Spectrum.",Easy Support,"The app is helpful and easy to use. Initially, I had an issue with my modem and the app walked me through some quick and easy troubleshooting. Seems to be working great now. Thank you, Spectrum.",4.00,US,11.13.1,2023-07-24T22:22:15,False,False,40423315838,40423315838,"My Spectrum",942608209,apple,2,40423315838LOPwJOD7uTvxsPqjkWE2VGQ,en
bonqueetea,The app is convenient,"It‚Äôs straight forward and tells you when service is down. They also inform you of some deals. When I started using this I had $100 internet, but they downed my bill to be $64.  Only to be more affordable. They offered it to me.",The app is convenient,"It‚Äôs straight forward and tells you when service is down. They also inform you of some deals. When I started using this I had $100 internet, but they downed my bill to be $64.  Only to be more affordable. They offered it to me.",5.00,US,11.13.1,2023-07-24T17:43:22,False,False,40423315838,40423315838,"My Spectrum",942608209,apple,2,40423315838LVnhI8xovAr86CZ-nahtmdw,en
Goldie4653,App is trash,Laggy unresponsive mess.  Makes it so hard to pay a bill.,App is trash,Laggy unresponsive mess.  Makes it so hard to pay a bill.,1.00,US,11.13.1,2023-07-24T16:00:51,False,False,40423315838,40423315838,"My Spectrum",942608209,apple,2,40423315838LlBJMCsETJr4UfRFPqW0rlw,"en;no"
snapchat is S.P.E.D,Terrible.,"I have been using spectrum for about a year or two now, and I‚Äôve never been impressed with how terrible the service is. The app is next to useless, meaning it‚Äôs impossible to use. Everything glitches and at least once a week I am having major issues just using the Wi-Fi. Haven‚Äôt messed with the router or the modem, they stay in the same spot. Yet somehow even after going untouched there‚Äôs always something wrong with it. I pay $95 a month for possibly the worse internet service possible. Spectrum needs to up their game cause this is not the move what do ever. 1 more wifi shot off away from losing a customer. Fix your app and fix your service. The only reason I‚Äôm even giving spectrum a star is purely because I I can‚Äôt right the review without doing so. Half of a star is more than generous. That is all.",Terrible.,"I have been using spectrum for about a year or two now, and I‚Äôve never been impressed with how terrible the service is. The app is next to useless, meaning it‚Äôs impossible to use. Everything glitches and at least once a week I am having major issues just using the Wi-Fi. Haven‚Äôt messed with the router or the modem, they stay in the same spot. Yet somehow even after going untouched there‚Äôs always something wrong with it. I pay $95 a month for possibly the worse internet service possible. Spectrum needs to up their game cause this is not the move what do ever. 1 more wifi shot off away from losing a customer. Fix your app and fix your service. The only reason I‚Äôm even giving spectrum a star is purely because I I can‚Äôt right the review without doing so. Half of a star is more than generous. That is all.",1.00,US,11.13.1,2023-07-24T05:08:53,False,False,40423315838,40423315838,"My Spectrum",942608209,apple,2,40423315838L_KS4FfhQ0Ngi0sFMcXJa6g,en
Xtinatimez,Kids phishing my phone line,Horrible teaching Kim Blair/Marks,Kids phishing my phone line,Horrible teaching Kim Blair/Marks,1.00,US,11.13.1,2023-07-24T03:09:44,False,False,40423315838,40423315838,"My Spectrum",942608209,apple,2,40423315838L5vixDzQWoCa0cBJCN4hiag,"en;sw;ceb;de;la"
flanny330,Reliability & Easy to use,"This app is phenomenal.  It has everything you need to be able to manage your account, make changes, as well as even addd services and see what your bill will be.  Tremendous job by the creators of this app who continue to make sure Spectrum stays a fortune 50 company.",Reliability & Easy to use,"This app is phenomenal.  It has everything you need to be able to manage your account, make changes, as well as even addd services and see what your bill will be.  Tremendous job by the creators of this app who continue to make sure Spectrum stays a fortune 50 company.",5.00,US,11.13.1,2023-07-23T22:53:18,False,False,40423315838,40423315838,"My Spectrum",942608209,apple,2,40423315838LzQ98JIB8lJNDzUi2as9klQ,en
Fadwa23@,I like it!,It‚Äôs jut an amazing apps. Easy to get urs payment done on time and a lots more. Thanks Spectrum!,I like it!,It‚Äôs jut an amazing apps. Easy to get urs payment done on time and a lots more. Thanks Spectrum!,5.00,US,11.13.1,2023-07-23T22:05:39,False,False,40423315838,40423315838,"My Spectrum",942608209,apple,2,40423315838LFapUm5O_CEh6pq4t2rMEYQ,"en;af"
mary272727,Mobile,"Phone mobile data is ridiculously slow, I know I have a plan that‚Äôs cheap but there is no way it should take 10 mins to load I turn my phone off turn the cellular off and it is slow as a snail, no way it should be this way.",Mobile,"Phone mobile data is ridiculously slow, I know I have a plan that‚Äôs cheap but there is no way it should take 10 mins to load I turn my phone off turn the cellular off and it is slow as a snail, no way it should be this way.",3.00,US,11.13.1,2023-07-23T17:38:07,False,False,40423315838,40423315838,"My Spectrum",942608209,apple,2,40423315838L1fUCJDBnvTlsgFiG6rC8dQ,en
mrglovebox,Disappointed,"i have had different providers and by far spectrum is the worst each day there is a new problem continually buffering no connection freezing power outages, this is the worst.",Disappointed,"i have had different providers and by far spectrum is the worst each day there is a new problem continually buffering no connection freezing power outages, this is the worst.",2.00,US,11.13.1,2023-07-23T17:03:41,False,False,40423315838,40423315838,"My Spectrum",942608209,apple,2,40423315838Lc4sftiX5GMqZps14SggbUg,en
Court103116,Spectrum,It‚Äôs getting better. Don‚Äôt let other people‚Äôs reviews make an impact on yours. They work with you an help when they can,Spectrum,It‚Äôs getting better. Don‚Äôt let other people‚Äôs reviews make an impact on yours. They work with you an help when they can,5.00,US,11.13.1,2023-07-23T15:47:07,False,False,40423315838,40423315838,"My Spectrum",942608209,apple,2,40423315838LQ1BfEA-pfizDzM4B--T36Q,en
Slarvey,Won‚Äôt Open,App won‚Äôt open just use your browser. App is awful and ONLY works on Wi-Fi,Won‚Äôt Open,App won‚Äôt open just use your browser. App is awful and ONLY works on Wi-Fi,1.00,US,11.13.1,2023-07-23T13:14:54,False,False,40423315838,40423315838,"My Spectrum",942608209,apple,2,40423315838LnkwiphrrsplgWG-AWlClpQ,"en;af;nl"
Short on service,Spectrum ok,Works great when it works about 1/3rd of the time we have no service,Spectrum ok,Works great when it works about 1/3rd of the time we have no service,2.00,US,11.13.1,2023-07-23T00:50:18,False,False,40423315838,40423315838,"My Spectrum",942608209,apple,2,40423315838LMEzpWHfyGBixA2sbto4lsQ,en
.: LoveFire :.,Bugs bugs and missing features,"Hello, 
i have some things that really need to be addressed with the app. I hope a fix can come soon. 
(1) When you managing devices and viewing your device list, there is ablity to create a pause schedule. but there is NO ability to remove a pause schedule!! please add this ability its common sense to have a remove feature if you have a add feature. 
(2) addtionally with pause schedules, please add the ability to create more then one schedule for any one device
(3) add a feature that allows you to create a notification when a specific device is being used. (connected doesnt mean its being used by a person, so this would have to be based on the amount of network activity the device is having. 
These are great features and tool to have. i hope to see them soon. the family desperate needs them, thanks you :)",Bugs bugs and missing features,"Hello, 
i have some things that really need to be addressed with the app. I hope a fix can come soon. 
(1) When you managing devices and viewing your device list, there is ablity to create a pause schedule. but there is NO ability to remove a pause schedule!! please add this ability its common sense to have a remove feature if you have a add feature. 
(2) addtionally with pause schedules, please add the ability to create more then one schedule for any one device
(3) add a feature that allows you to create a notification when a specific device is being used. (connected doesnt mean its being used by a person, so this would have to be based on the amount of network activity the device is having. 
These are great features and tool to have. i hope to see them soon. the family desperate needs them, thanks you :)",3.00,US,11.13.1,2023-07-23T00:20:56,False,False,40423315838,40423315838,"My Spectrum",942608209,apple,2,40423315838LKfcDGS-D9rPVL1DWvQzo5w,en
Nehekoharipa,App won‚Äôt respond.,"I downloaded the app, signed in successfully, and got the page telling me all of the things I can do. The ‚Äúclose‚Äù button doesn‚Äôt work, however, so I cannot get past the opening page, and the app is pretty much useless to me.",App won‚Äôt respond.,"I downloaded the app, signed in successfully, and got the page telling me all of the things I can do. The ‚Äúclose‚Äù button doesn‚Äôt work, however, so I cannot get past the opening page, and the app is pretty much useless to me.",1.00,US,11.13.1,2023-07-22T23:43:32,False,False,40423315838,40423315838,"My Spectrum",942608209,apple,2,40423315838L9DHGT9GjeV13--NI9UHb5Q,en
üñïüèªYou Tube,Bad app,I cannot access my new account after moving. I can't change my account number or username or new adress . All I can do is access my old account number and address. It won't let me change my password or username. It keeps going back to the same old page telling me "You already have a username " Even after entering my account number and safety number. The website is the same way . I am not able to access my account because of a bug in the software,Bad app,I cannot access my new account after moving. I can't change my account number or username or new adress . All I can do is access my old account number and address. It won't let me change my password or username. It keeps going back to the same old page telling me "You already have a username " Even after entering my account number and safety number. The website is the same way . I am not able to access my account because of a bug in the software,1.00,US,11.13.1,2023-07-22T22:21:33,False,False,40423315838,40423315838,"My Spectrum",942608209,apple,2,40423315838LDm-6Cp8lXcZedRqtsKX3og,en
Wendy in Wisconsin,Clueless customer service,"I‚Äôve been trying to get help for two weeks.  Billing , technical support,
Customer service.  All are separate services and they just keep passing you on to another service and you have to explain over and over again.  If while you are talking to them and the call drops they can‚Äôt call out to call you back.  Then you try to call back to finish the conversation and you can‚Äôt talk to the person you were talking to.  Guess what?  You have to start all over again with a new person.  I bet if they look at the notes they took down while talking to me they‚Äôll see I was passed on to 6-9 people .  Spectrum is great for Internet but are clueless to think they can run a successful mobile company!  I need to get this straightened out so I have a phone that actually can work.  One representative told me today that they began mobile service in 2018.  That‚Äôs 5 years ago.  Give it up spectrum because we spread the word and you‚Äôre losing all of us.",Clueless customer service,"I‚Äôve been trying to get help for two weeks.  Billing , technical support,
Customer service.  All are separate services and they just keep passing you on to another service and you have to explain over and over again.  If while you are talking to them and the call drops they can‚Äôt call out to call you back.  Then you try to call back to finish the conversation and you can‚Äôt talk to the person you were talking to.  Guess what?  You have to start all over again with a new person.  I bet if they look at the notes they took down while talking to me they‚Äôll see I was passed on to 6-9 people .  Spectrum is great for Internet but are clueless to think they can run a successful mobile company!  I need to get this straightened out so I have a phone that actually can work.  One representative told me today that they began mobile service in 2018.  That‚Äôs 5 years ago.  Give it up spectrum because we spread the word and you‚Äôre losing all of us.",1.00,US,11.13.1,2023-07-22T19:00:13,False,False,40423315838,40423315838,"My Spectrum",942608209,apple,2,40423315838LwFQheXRfgtoKDq4BzbWgdg,en
Jjjjordddaaannn,Wifi,I pay 80$ for just wifi and I live in house 650 sq feet and I don‚Äôt even get service in my own bedroom let alone in my driveway when I‚Äôm in the garage . I don‚Äôt know why you charge so much when it doesn‚Äôt even work good. Other places are charging 45$ and work so much better . You guys need to figure that one out,Wifi,I pay 80$ for just wifi and I live in house 650 sq feet and I don‚Äôt even get service in my own bedroom let alone in my driveway when I‚Äôm in the garage . I don‚Äôt know why you charge so much when it doesn‚Äôt even work good. Other places are charging 45$ and work so much better . You guys need to figure that one out,3.00,US,11.13.1,2023-07-22T15:01:12,False,False,40423315838,40423315838,"My Spectrum",942608209,apple,2,40423315838L6JJg5yUK2qIeCQjE7BpyZg,en
FilmStudent420,I‚Äôm paying for a lack of internet,This is the very worst internet provider I‚Äôve ever experienced in my life. I wish there was literally any other option but this is the only one in my area. There‚Äôs constant outages & ridiculous pricing for services I never get to use. I restart my router constantly hoping my phone or devices will connect. Hosting any get-together with friends is embarrassing when the smart tv or speakers just don‚Äôt work at all.,I‚Äôm paying for a lack of internet,This is the very worst internet provider I‚Äôve ever experienced in my life. I wish there was literally any other option but this is the only one in my area. There‚Äôs constant outages & ridiculous pricing for services I never get to use. I restart my router constantly hoping my phone or devices will connect. Hosting any get-together with friends is embarrassing when the smart tv or speakers just don‚Äôt work at all.,1.00,US,11.13.1,2023-07-22T05:54:15,False,False,40423315838,40423315838,"My Spectrum",942608209,apple,2,40423315838LXPlEAJgKr3r_vfKYsnrIDQ,en
Mrs.Kiddx3,Download If You Use Spectrum,"Easy to navigate, tons of options, easy access to pay the bill",Download If You Use Spectrum,"Easy to navigate, tons of options, easy access to pay the bill",5.00,US,11.13.1,2023-07-21T20:46:02,False,False,40423315838,40423315838,"My Spectrum",942608209,apple,2,40423315838LThOeloPbWkurJYjAUeHIFQ,"en;la"
BJ Patel,Very good experience so far.,Very easy to install and activate the service.,Very good experience so far.,Very easy to install and activate the service.,5.00,US,11.13.1,2023-07-21T19:38:19,False,False,40423315838,40423315838,"My Spectrum",942608209,apple,2,40423315838L-jfFPsyCdYLecMqyWnwo1g,en
Jr mick,Feed back,Great service so far no complaints,Feed back,Great service so far no complaints,4.00,US,11.13.1,2023-07-21T13:43:56,False,False,40423315838,40423315838,"My Spectrum",942608209,apple,2,40423315838LuT0tOdZ6IOeiac7NX5rX4w,"en;ca;fr"
AL Frazier,I need bill adjustment,"Enjoying the app but not so much the service my internet/ Wi-Fi goes out every time rain comes, I‚Äôm paying $300 month more than my light bill and I‚Äôm not using phone service that customer service won‚Äôt take off my bill",I need bill adjustment,"Enjoying the app but not so much the service my internet/ Wi-Fi goes out every time rain comes, I‚Äôm paying $300 month more than my light bill and I‚Äôm not using phone service that customer service won‚Äôt take off my bill",5.00,US,11.13.1,2023-07-21T12:58:14,False,False,40423315838,40423315838,"My Spectrum",942608209,apple,2,40423315838LJwE3LWpaTczgbVKLdtqJWQ,en
xXiPepeXx,It‚Äôs the Spectrum App,It does what it says it‚Äôs supposed to do.,It‚Äôs the Spectrum App,It does what it says it‚Äôs supposed to do.,4.00,US,11.13.1,2023-07-21T12:15:57,False,False,40423315838,40423315838,"My Spectrum",942608209,apple,2,40423315838LknR85umoUjxfEEzj2v9WvQ,"en;la"
oogej,No Cap,Y‚Äôall IghüòÖ,No Cap,Y‚Äôall IghüòÖ,5.00,US,11.13.1,2023-07-21T10:19:20,False,False,40423315838,40423315838,"My Spectrum",942608209,apple,2,40423315838LqtngMOx5RFVlwH06tJpxSQ,"cy;en;tl;it;lb"
L wifi company,Don‚Äôt get spectrum for your wifi trust me,As of this moment I have to type this while having no wifi because spectrum for like the 2nd time in the span of 1 month the wifi went out. Spectrum is completely not reliable please find a better wifi provider because spectrum is horrible save your money or spend it on a more reliable wifi service TRUST ME,Don‚Äôt get spectrum for your wifi trust me,As of this moment I have to type this while having no wifi because spectrum for like the 2nd time in the span of 1 month the wifi went out. Spectrum is completely not reliable please find a better wifi provider because spectrum is horrible save your money or spend it on a more reliable wifi service TRUST ME,1.00,US,11.13.1,2023-07-21T05:53:10,False,False,40423315838,40423315838,"My Spectrum",942608209,apple,2,40423315838LRGmjDr5ugNCLv_wAENagCg,en
Yusufali74,The easiest,Easy and quick,The easiest,Easy and quick,5.00,US,11.13.1,2023-07-21T03:27:37,False,False,40423315838,40423315838,"My Spectrum",942608209,apple,2,40423315838LnZA6CqKgXIWhKFa8qPUOiw,"en;la;fr"
James Loves Jesus,J Happy,Spectrum Rocks!!! Keep up the great service,J Happy,Spectrum Rocks!!! Keep up the great service,5.00,US,11.13.1,2023-07-21T01:07:14,False,False,40423315838,40423315838,"My Spectrum",942608209,apple,2,40423315838LhEfPiVBdsbsoPIoL-sztIQ,"en;la"
uomoefalacce,Love,I love it I love it I love it I love it yeah you know I love it all I know I love it there you know now that I know that you know that I love it I love it and you know that I love it thank you very much oh my god this is a great experience in my life. This app is changing everything in ways that I never expected.,Love,I love it I love it I love it I love it yeah you know I love it all I know I love it there you know now that I know that you know that I love it I love it and you know that I love it thank you very much oh my god this is a great experience in my life. This app is changing everything in ways that I never expected.,5.00,US,11.13.1,2023-07-20T23:57:40,False,False,40423315838,40423315838,"My Spectrum",942608209,apple,2,40423315838Lm0XcAeXRBqrm_1Yv8bj1QA,en
Misstiffney,Absolutely fantastic!!,"Love this app!! You can do anything + some on it. Pay your bills & view statements for phone or internet bills, edit your plans, view your channel lineup, troubleshoot problems, change Wi-Fi name or PW, restart your modem or router, chat with someone to help you with any issues, & so much more!! It‚Äôs so easy & helpful!!",Absolutely fantastic!!,"Love this app!! You can do anything + some on it. Pay your bills & view statements for phone or internet bills, edit your plans, view your channel lineup, troubleshoot problems, change Wi-Fi name or PW, restart your modem or router, chat with someone to help you with any issues, & so much more!! It‚Äôs so easy & helpful!!",5.00,US,11.13.1,2023-07-20T23:41:07,False,False,40423315838,40423315838,"My Spectrum",942608209,apple,2,40423315838LWOfTsRmoXpFBVtsOgkN9JQ,en
Sirisumana,Need a switch,App works great. But I prefer to have a switch on mobile side to turn on and off roaming facility. It will help users to control their roaming features while they are abroad. And will help to prevent by unwanted changes. Thanks,Need a switch,App works great. But I prefer to have a switch on mobile side to turn on and off roaming facility. It will help users to control their roaming features while they are abroad. And will help to prevent by unwanted changes. Thanks,5.00,US,11.13.1,2023-07-20T22:37:29,False,False,40423315838,40423315838,"My Spectrum",942608209,apple,2,40423315838LneX84mkBzzLf9wSHzCi2BQ,en
amorgan6,4 stars,Only downside is this app doesn‚Äôt store debit cards or account numbers. So each time I have to grab my wallet etc which is a bit inconvenient. The application will let you sign up for auto pay but I still want control just in case something happens or an outage etc and I want to inquire more information prior. But overall it is a good application.,4 stars,Only downside is this app doesn‚Äôt store debit cards or account numbers. So each time I have to grab my wallet etc which is a bit inconvenient. The application will let you sign up for auto pay but I still want control just in case something happens or an outage etc and I want to inquire more information prior. But overall it is a good application.,4.00,US,11.13.1,2023-07-20T15:59:54,False,False,40423315838,40423315838,"My Spectrum",942608209,apple,2,40423315838L9heY_yVQRCeuB0J8Ela49A,en
Boss 1015,Pleased,"Excellent service, Easy to navigate thru mobile app. Satisfied customer. Thank you",Pleased,"Excellent service, Easy to navigate thru mobile app. Satisfied customer. Thank you",5.00,US,11.13.1,2023-07-20T15:42:21,False,False,40423315838,40423315838,"My Spectrum",942608209,apple,2,40423315838LBErqdSxQ8g5l2ggGHjZFGQ,"en;la"
jrpravin,Cool features good to use,Yep go for IT,Cool features good to use,Yep go for IT,5.00,US,11.13.1,2023-07-20T11:46:02,False,False,40423315838,40423315838,"My Spectrum",942608209,apple,2,40423315838Lx3ur9wm36NwsTY_7D3Kqqw,en
sombra lok,Latino,Me gustar√≠a una versi√≥n en espa√±ol,Latino,Me gustar√≠a una versi√≥n en espa√±ol,4.00,US,11.13.1,2023-07-20T03:03:56,False,False,40423315838,40423315838,"My Spectrum",942608209,apple,2,40423315838LlE5puw8Vv1YmF7Wf7tpcJA,"es;gl"
ckbryant1964,Convenient,I love it cause it‚Äôs so convenient,Convenient,I love it cause it‚Äôs so convenient,5.00,US,11.13.1,2023-07-19T23:58:01,False,False,40423315838,40423315838,"My Spectrum",942608209,apple,2,40423315838LtQGGpAsAgWU83PzQIESOfw,"en;fr;oc;la;ro"
spaceeequeen,Easy access,Love this app so easy n u can see everything I‚Äôve done on your account and get help w anything !,Easy access,Love this app so easy n u can see everything I‚Äôve done on your account and get help w anything !,5.00,US,11.13.1,2023-07-19T23:44:25,False,False,40423315838,40423315838,"My Spectrum",942608209,apple,2,40423315838LiNtXLafS-dsoxvYJ6j1Jcg,en
surfnyc,The app is OK,"When I got pinged to ask my opinion and rate it, my opinion dropped.",The app is OK,"When I got pinged to ask my opinion and rate it, my opinion dropped.",2.00,US,11.13.1,2023-07-19T16:29:12,False,False,40423315838,40423315838,"My Spectrum",942608209,apple,2,40423315838Lqqm_QA4WkpKLtQQrhQJeJQ,"en;af"
nickname work,Easy to use,Easy to use and navigate,Easy to use,Easy to use and navigate,5.00,US,11.13.1,2023-07-19T14:23:21,False,False,40423315838,40423315838,"My Spectrum",942608209,apple,2,40423315838LxHvz-GS1N6gvrC-EQF7GkA,"en;af;nn;no;ceb"
Martha4415,My grandparents have never had internet since they bought their home in 1954,"I was out shopping and for some reason the Spectrum store really drew my attention. I stepped in, signed up and 15 minutes latter I had a same day appointment for a first time installation. I did this for my grandparents they  where never much of internet, iPads , computers, and sill have a S5 Iphones‚Ä¶.
The spectrum technician Lee was on time. It took him by himself every bit of three hours to install cable from the electricity poll to the house. I felt so bad it was in the middle of June and the temperature was in the three digits. He never complained just smiled and assured my wide eyed grandparents the job would get done by 6pm.  He currently did complete the job on time. The then local channels only tv was transformed into a RUKO smart TV and Pluto Cinema.  
They are slowly progressing over to other applications. But the look on their faces was all made possible by the staff and of course Spectrum.  Thank you  for catching them up to the 21st century‚Ä¶ or at least some of it. Thanks for reading !",My grandparents have never had internet since they bought their home in 1954,"I was out shopping and for some reason the Spectrum store really drew my attention. I stepped in, signed up and 15 minutes latter I had a same day appointment for a first time installation. I did this for my grandparents they  where never much of internet, iPads , computers, and sill have a S5 Iphones‚Ä¶.
The spectrum technician Lee was on time. It took him by himself every bit of three hours to install cable from the electricity poll to the house. I felt so bad it was in the middle of June and the temperature was in the three digits. He never complained just smiled and assured my wide eyed grandparents the job would get done by 6pm.  He currently did complete the job on time. The then local channels only tv was transformed into a RUKO smart TV and Pluto Cinema.  
They are slowly progressing over to other applications. But the look on their faces was all made possible by the staff and of course Spectrum.  Thank you  for catching them up to the 21st century‚Ä¶ or at least some of it. Thanks for reading !",4.00,US,11.13.1,2023-07-19T02:00:17,False,False,40423315838,40423315838,"My Spectrum",942608209,apple,2,40423315838LuXeVKjPy43q8AKQ-aVguyg,en
gibiblack,Nice,5 stars,Nice,5 stars,5.00,US,11.13.1,2023-07-18T21:11:41,False,False,40423315838,40423315838,"My Spectrum",942608209,apple,2,40423315838LNyH-qRKAoY0zYM3qNlduew,"hr;bs;sh;en;ro"
iPhonefan 1,Battery Hog,When turning on always detect location it drains the battery. The battery doesn‚Äôt last 8 hours from fully charged.,Battery Hog,When turning on always detect location it drains the battery. The battery doesn‚Äôt last 8 hours from fully charged.,1.00,US,11.13.1,2023-07-18T19:22:21,False,False,40423315838,40423315838,"My Spectrum",942608209,apple,2,40423315838LtHZTHLX8ZNPaRYkSj8dTrg,en
unicornyoutuber,Installation Charge,"We were told installation charge would be waived when we initially switched from service with ATT for over 25 yrs due to service decline and excessive outages. However despite numerous calls the charge was not removed. Not only that we are charged a late charge for not paying amount in question. Not getting off to a very good start. Sincerely, Mitch & Sheri Cudd",Installation Charge,"We were told installation charge would be waived when we initially switched from service with ATT for over 25 yrs due to service decline and excessive outages. However despite numerous calls the charge was not removed. Not only that we are charged a late charge for not paying amount in question. Not getting off to a very good start. Sincerely, Mitch & Sheri Cudd",2.00,US,11.13.1,2023-07-18T19:04:35,False,False,40423315838,40423315838,"My Spectrum",942608209,apple,2,40423315838L9MSfOZPlnUNC34ynDhgfjQ,en
Josefin569,Rapidez,Excelente servicio,Rapidez,Excelente servicio,5.00,US,11.13.1,2023-07-18T17:34:30,False,False,40423315838,40423315838,"My Spectrum",942608209,apple,2,40423315838LfQ23n0bPp0gSanreJFwwYQ,"es;gl;pt;ro;ca"
Bkbagsby,Service,"The service of spectrum just not up to par 
Might have made a mistake by switching",Service,"The service of spectrum just not up to par 
Might have made a mistake by switching",3.00,US,11.13,2023-07-18T15:26:05,False,False,40423315838,40423315838,"My Spectrum",942608209,apple,2,40423315838L0fS3MuQpx-TbE0cxLSItsA,en
